Year,State,State Code,Deaths,Population,Crude Rate
1968,Alabama,1,857,3389630,25.3
1968,Alaska,2,27,288511,9.4
1968,Arizona,4,442,1635753,27.0
1968,Arkansas,5,609,1868694,32.6
1968,California,6,5747,19577730,29.4
1968,Colorado,8,407,2097804,19.4
1968,Connecticut,9,852,3000614,28.4
1968,Delaware,10,155,527786,29.4
1968,District of Columbia,11,285,772686,36.9
1968,Florida,12,2665,6347790,42.0
1968,Georgia,13,1030,4445076,23.2
1968,Hawaii,15,142,748941,19.0
1968,Idaho,16,133,682954,19.5
1968,Illinois,17,3385,11030373,30.7
1968,Indiana,18,1453,5140340,28.3
1968,Iowa,19,782,2800640,27.9
1968,Kansas,20,611,2262716,27.0
1968,Kentucky,21,942,3130971,30.1
1968,Louisiana,22,1127,3575874,31.5
1968,Maine,23,351,968248,36.3
1968,Maryland,24,1154,3808464,30.3
1968,Massachusetts,25,1836,5641784,32.5
1968,Michigan,26,2490,8793156,28.3
1968,Minnesota,27,814,3757906,21.7
1968,Mississippi,28,593,2166528,27.4
1968,Missouri,29,1553,4633208,33.5
1968,Montana,30,174,676270,25.7
1968,Nebraska,31,385,1465971,26.3
1968,Nevada,32,138,451275,30.6
1968,New Hampshire,33,223,707513,31.5
1968,New Jersey,34,2485,7043790,35.3
1968,New Mexico,35,159,977218,16.3
1968,New York,36,6283,18150160,34.6
1968,North Carolina,37,993,4953541,20.0
1968,North Dakota,38,130,609577,21.3
1968,Ohio,39,3246,10590808,30.6
1968,Oklahoma,40,793,2495953,31.8
1968,Oregon,41,641,2021946,31.7
1968,Pennsylvania,42,3910,11730765,33.3
1968,Rhode Island,44,323,934364,34.6
1968,South Carolina,45,568,2509155,22.6
1968,South Dakota,46,148,663937,22.3
1968,Tennessee,47,1116,3828995,29.1
1968,Texas,48,3170,10844761,29.2
1968,Utah,49,119,1012780,11.7
1968,Vermont,50,131,433198,30.2
1968,Virginia,51,1216,4537069,26.8
1968,Washington,53,921,3382136,27.2
1968,West Virginia,54,624,1717533,36.3
1968,Wisconsin,55,966,4376368,22.1
1968,Wyoming,56,63,324329,19.4
1969,Alabama,1,958,3420646,28.0
1969,Alaska,2,37,296304,12.5
1969,Arizona,4,460,1714047,26.8
1969,Arkansas,5,659,1899459,34.7
1969,California,6,5908,19795002,29.8
1969,Colorado,8,404,2160332,18.7
1969,Connecticut,9,909,3014506,30.2
1969,Delaware,10,180,539000,33.4
1969,District of Columbia,11,257,764667,33.6
1969,Florida,12,2932,6598252,44.4
1969,Georgia,13,1177,4526528,26.0
1969,Hawaii,15,135,759637,17.8
1969,Idaho,16,140,699533,20.0
1969,Illinois,17,3574,11069375,32.3
1969,Indiana,18,1507,5167826,29.2
1969,Iowa,19,862,2811716,30.7
1969,Kansas,20,626,2253857,27.8
1969,Kentucky,21,1022,3180388,32.1
1969,Louisiana,22,1221,3614715,33.8
1969,Maine,23,345,981759,35.1
1969,Maryland,24,1249,3869900,32.3
1969,Massachusetts,25,1869,5661068,33.0
1969,Michigan,26,2554,8837714,28.9
1969,Minnesota,27,854,3780598,22.6
1969,Mississippi,28,636,2196956,28.9
1969,Missouri,29,1674,4657984,35.9
1969,Montana,30,187,685625,27.3
1969,Nebraska,31,378,1475728,25.6
1969,Nevada,32,154,472069,32.6
1969,New Hampshire,33,261,723626,36.1
1969,New Jersey,34,2482,7108685,34.9
1969,New Mexico,35,159,999900,15.9
1969,New York,36,6319,18191790,34.7
1969,North Carolina,37,1126,5026390,22.4
1969,North Dakota,38,100,613777,16.3
1969,Ohio,39,3317,10621131,31.2
1969,Oklahoma,40,823,2531627,32.5
1969,Oregon,41,639,2060075,31.0
1969,Pennsylvania,42,3919,11756308,33.3
1969,Rhode Island,44,354,942007,37.6
1969,South Carolina,45,593,2555782,23.2
1969,South Dakota,46,142,664645,21.4
1969,Tennessee,47,1132,3884116,29.1
1969,Texas,48,3194,11053941,28.9
1969,Utah,49,141,1039193,13.6
1969,Vermont,50,159,439231,36.2
1969,Virginia,51,1272,4600264,27.7
1969,Washington,53,1032,3398000,30.4
1969,West Virginia,54,673,1730922,38.9
1969,Wisconsin,55,1060,4392870,24.1
1969,Wyoming,56,78,328711,23.7
1970,Alabama,1,1013,3450966,29.4
1970,Alaska,2,35,303679,11.5
1970,Arizona,4,527,1781244,29.6
1970,Arkansas,5,675,1927204,35.0
1970,California,6,6160,20004933,30.8
1970,Colorado,8,468,2213846,21.1
1970,Connecticut,9,923,3032018,30.4
1970,Delaware,10,180,548909,32.8
1970,District of Columbia,11,287,759939,37.8
1970,Florida,12,3245,6806137,47.7
1970,Georgia,13,1230,4600450,26.7
1970,Hawaii,15,140,772159,18.1
1970,Idaho,16,174,714717,24.3
1970,Illinois,17,3649,11130872,32.8
1970,Indiana,18,1705,5203733,32.8
1970,Iowa,19,827,2827012,29.3
1970,Kansas,20,655,2252229,29.1
1970,Kentucky,21,1085,3226664,33.6
1970,Louisiana,22,1281,3649292,35.1
1970,Maine,23,377,994539,37.9
1970,Maryland,24,1379,3923849,35.1
1970,Massachusetts,25,1943,5689726,34.1
1970,Michigan,26,2654,8892674,29.8
1970,Minnesota,27,945,3808180,24.8
1970,Mississippi,28,654,2224141,29.4
1970,Missouri,29,1772,4684287,37.8
1970,Montana,30,180,695623,25.9
1970,Nebraska,31,400,1486970,26.9
1970,Nevada,32,139,489535,28.4
1970,New Hampshire,33,252,737792,34.2
1970,New Jersey,34,2506,7173395,34.9
1970,New Mexico,35,195,1019794,19.1
1970,New York,36,6395,18261534,35.0
1970,North Carolina,37,1254,5095097,24.6
1970,North Dakota,38,132,618433,21.3
1970,Ohio,39,3585,10672758,33.6
1970,Oklahoma,40,917,2564902,35.8
1970,Oregon,41,699,2093869,33.4
1970,Pennsylvania,42,3954,11807864,33.5
1970,Rhode Island,44,391,950100,41.2
1970,South Carolina,45,661,2595822,25.5
1970,South Dakota,46,174,667090,26.1
1970,Tennessee,47,1245,3933207,31.7
1970,Texas,48,3482,11230228,31.0
1970,Utah,49,150,1063939,14.1
1970,Vermont,50,143,445145,32.1
1970,Virginia,51,1385,4659549,29.7
1970,Washington,53,1088,3417820,31.8
1970,West Virginia,54,692,1747554,39.6
1970,Wisconsin,55,1095,4419132,24.8
1970,Wyoming,56,71,333243,21.3
1971,Alabama,1,1078,3503319,30.8
1971,Alaska,2,53,317012,16.7
1971,Arizona,4,600,1900461,31.6
1971,Arkansas,5,688,1975096,34.8
1971,California,6,6488,20347014,31.9
1971,Colorado,8,497,2305234,21.6
1971,Connecticut,9,944,3057560,30.9
1971,Delaware,10,185,565378,32.7
1971,District of Columbia,11,287,753476,38.1
1971,Florida,12,3510,7175434,48.9
1971,Georgia,13,1363,4717791,28.9
1971,Hawaii,15,140,802549,17.4
1971,Idaho,16,175,739758,23.7
1971,Illinois,17,3757,11214321,33.5
1971,Indiana,18,1728,5254207,32.9
1971,Iowa,19,934,2850320,32.8
1971,Kansas,20,793,2247606,35.3
1971,Kentucky,21,1160,3303591,35.1
1971,Louisiana,22,1303,3713808,35.1
1971,Maine,23,379,1016358,37.3
1971,Maryland,24,1371,4019719,34.1
1971,Massachusetts,25,1942,5733536,33.9
1971,Michigan,26,2721,8974164,30.3
1971,Minnesota,27,942,3848481,24.5
1971,Mississippi,28,693,2271036,30.5
1971,Missouri,29,1848,4726673,39.1
1971,Montana,30,209,711731,29.4
1971,Nebraska,31,458,1505413,30.4
1971,Nevada,32,174,520601,33.4
1971,New Hampshire,33,292,762420,38.3
1971,New Jersey,34,2663,7277865,36.6
1971,New Mexico,35,231,1055541,21.9
1971,New York,36,6839,18356459,37.3
1971,North Carolina,37,1368,5207765,26.3
1971,North Dakota,38,111,626719,17.7
1971,Ohio,39,3595,10741460,33.5
1971,Oklahoma,40,928,2622460,35.4
1971,Oregon,41,713,2149614,33.2
1971,Pennsylvania,42,4251,11882336,35.8
1971,Rhode Island,44,370,963783,38.4
1971,South Carolina,45,714,2666694,26.8
1971,South Dakota,46,165,672094,24.6
1971,Tennessee,47,1257,4015706,31.3
1971,Texas,48,3740,11533927,32.4
1971,Utah,49,151,1104169,13.7
1971,Vermont,50,142,454323,31.3
1971,Virginia,51,1469,4756532,30.9
1971,Washington,53,1203,3446521,34.9
1971,West Virginia,54,742,1773183,41.8
1971,Wisconsin,55,1162,4456250,26.1
1971,Wyoming,56,91,340281,26.7
1972,Alabama,1,1190,3541028,33.6
1972,Alaska,2,42,326586,12.9
1972,Arizona,4,558,2010557,27.8
1972,Arkansas,5,748,2018461,37.1
1972,California,6,6916,20567494,33.6
1972,Colorado,8,502,2403338,20.9
1972,Connecticut,9,990,3061896,32.3
1972,Delaware,10,216,573056,37.7
1972,District of Columbia,11,326,745086,43.8
1972,Florida,12,3882,7522728,51.6
1972,Georgia,13,1466,4807764,30.5
1972,Hawaii,15,174,828240,21.0
1972,Idaho,16,178,763407,23.3
1972,Illinois,17,3808,11252067,33.8
1972,Indiana,18,1866,5292507,35.3
1972,Iowa,19,926,2855438,32.4
1972,Kansas,20,748,2254267,33.2
1972,Kentucky,21,1240,3335801,37.2
1972,Louisiana,22,1432,3761076,38.1
1972,Maine,23,382,1033946,36.9
1972,Maryland,24,1460,4072805,35.8
1972,Massachusetts,25,2112,5750370,36.7
1972,Michigan,26,3062,9014281,34.0
1972,Minnesota,27,958,3858737,24.8
1972,Mississippi,28,764,2309917,33.1
1972,Missouri,29,1936,4751840,40.7
1972,Montana,30,218,718846,30.3
1972,Nebraska,31,462,1517247,30.4
1972,Nevada,32,186,546589,34.0
1972,New Hampshire,33,330,780678,42.3
1972,New Jersey,34,2762,7323158,37.7
1972,New Mexico,35,236,1078424,21.9
1972,New York,36,6930,18321228,37.8
1972,North Carolina,37,1408,5296527,26.6
1972,North Dakota,38,126,630758,20.0
1972,Ohio,39,3874,10736474,36.1
1972,Oklahoma,40,1028,2658621,38.7
1972,Oregon,41,768,2192728,35.0
1972,Pennsylvania,42,4608,11889039,38.8
1972,Rhode Island,44,384,974897,39.4
1972,South Carolina,45,738,2719860,27.1
1972,South Dakota,46,148,677239,21.9
1972,Tennessee,47,1368,4088236,33.5
1972,Texas,48,3976,11766356,33.8
1972,Utah,49,136,1136077,12.0
1972,Vermont,50,152,462654,32.9
1972,Virginia,51,1670,4825321,34.6
1972,Washington,53,1136,3440865,33.0
1972,West Virginia,54,816,1797513,45.4
1972,Wisconsin,55,1184,4488640,26.4
1972,Wyoming,56,84,346869,24.2
1973,Alabama,1,1249,3579861,34.9
1973,Alaska,2,47,332940,14.1
1973,Arizona,4,623,2125744,29.3
1973,Arkansas,5,839,2058222,40.8
1973,California,6,6981,20847325,33.5
1973,Colorado,8,488,2493738,19.6
1973,Connecticut,9,1122,3061705,36.6
1973,Delaware,10,212,578025,36.7
1973,District of Columbia,11,302,734382,41.1
1973,Florida,12,4006,7923830,50.6
1973,Georgia,13,1460,4905290,29.8
1973,Hawaii,15,183,850988,21.5
1973,Idaho,16,183,782170,23.4
1973,Illinois,17,4082,11249495,36.3
1973,Indiana,18,1868,5323335,35.1
1973,Iowa,19,1032,2858165,36.1
1973,Kansas,20,796,2262344,35.2
1973,Kentucky,21,1296,3369509,38.5
1973,Louisiana,22,1390,3787218,36.7
1973,Maine,23,433,1045235,41.4
1973,Maryland,24,1500,4098790,36.6
1973,Massachusetts,25,2226,5771004,38.6
1973,Michigan,26,2998,9059361,33.1
1973,Minnesota,27,1022,3876121,26.4
1973,Mississippi,28,763,2350797,32.5
1973,Missouri,29,1953,4770262,40.9
1973,Montana,30,210,726987,28.9
1973,Nebraska,31,472,1526978,30.9
1973,Nevada,32,189,568252,33.3
1973,New Hampshire,33,302,800313,37.7
1973,New Jersey,34,2920,7321409,39.9
1973,New Mexico,35,236,1104795,21.4
1973,New York,36,7069,18162182,38.9
1973,North Carolina,37,1580,5380033,29.4
1973,North Dakota,38,162,631908,25.6
1973,Ohio,39,3876,10752148,36.0
1973,Oklahoma,40,1104,2693197,41.0
1973,Oregon,41,837,2235886,37.4
1973,Pennsylvania,42,4526,11865647,38.1
1973,Rhode Island,44,391,976062,40.1
1973,South Carolina,45,846,2775712,30.5
1973,South Dakota,46,173,678608,25.5
1973,Tennessee,47,1488,4137128,36.0
1973,Texas,48,4075,12020386,33.9
1973,Utah,49,155,1170108,13.2
1973,Vermont,50,148,467563,31.7
1973,Virginia,51,1732,4901476,35.3
1973,Washington,53,1261,3471792,36.3
1973,West Virginia,54,765,1804276,42.4
1973,Wisconsin,55,1265,4508777,28.1
1973,Wyoming,56,97,353345,27.5
1974,Alabama,1,1306,3627380,36.0
1974,Alaska,2,49,344834,14.2
1974,Arizona,4,702,2225627,31.5
1974,Arkansas,5,963,2100719,45.8
1974,California,6,7653,21173032,36.1
1974,Colorado,8,551,2539958,21.7
1974,Connecticut,9,1120,3070012,36.5
1974,Delaware,10,247,582444,42.4
1974,District of Columbia,11,315,721455,43.7
1974,Florida,12,4410,8313595,53.0
1974,Georgia,13,1520,4991975,30.4
1974,Hawaii,15,198,867287,22.8
1974,Idaho,16,190,808689,23.5
1974,Illinois,17,4254,11267972,37.8
1974,Indiana,18,1908,5345260,35.7
1974,Iowa,19,981,2864525,34.2
1974,Kansas,20,829,2267286,36.6
1974,Kentucky,21,1455,3415077,42.6
1974,Louisiana,22,1527,3820285,40.0
1974,Maine,23,421,1058587,39.8
1974,Maryland,24,1586,4125689,38.4
1974,Massachusetts,25,2252,5766566,39.1
1974,Michigan,26,3096,9097691,34.0
1974,Minnesota,27,1039,3893567,26.7
1974,Mississippi,28,903,2379443,38.0
1974,Missouri,29,1961,4783368,41.0
1974,Montana,30,244,737705,33.1
1974,Nebraska,31,461,1537423,30.0
1974,Nevada,32,208,596322,34.9
1974,New Hampshire,33,322,815876,39.5
1974,New Jersey,34,2945,7325355,40.2
1974,New Mexico,35,240,1130546,21.2
1974,New York,36,7256,18054173,40.2
1974,North Carolina,37,1619,5458486,29.7
1974,North Dakota,38,162,634087,25.5
1974,Ohio,39,4088,10755416,38.0
1974,Oklahoma,40,1121,2732842,41.0
1974,Oregon,41,843,2279739,37.0
1974,Pennsylvania,42,4694,11849213,39.6
1974,Rhode Island,44,373,951680,39.2
1974,South Carolina,45,857,2843088,30.1
1974,South Dakota,46,188,680130,27.6
1974,Tennessee,47,1595,4200625,38.0
1974,Texas,48,4454,12269942,36.3
1974,Utah,49,172,1201191,14.3
1974,Vermont,50,183,472496,38.7
1974,Virginia,51,1807,4973785,36.3
1974,Washington,53,1339,3545762,37.8
1974,West Virginia,54,788,1813582,43.4
1974,Wisconsin,55,1384,4533260,30.5
1974,Wyoming,56,94,364827,25.8
1975,Alabama,1,1394,3679228,37.9
1975,Alaska,2,55,371084,14.8
1975,Arizona,4,750,2286975,32.8
1975,Arkansas,5,946,2158071,43.8
1975,California,6,8001,21548964,37.1
1975,Colorado,8,574,2586234,22.2
1975,Connecticut,9,1224,3080526,39.7
1975,Delaware,10,232,588301,39.4
1975,District of Columbia,11,311,711443,43.7
1975,Florida,12,4562,8533593,53.5
1975,Georgia,13,1649,5053521,32.6
1975,Hawaii,15,201,885427,22.7
1975,Idaho,16,209,832916,25.1
1975,Illinois,17,4444,11305605,39.3
1975,Indiana,18,1979,5347917,37.0
1975,Iowa,19,1070,2880315,37.1
1975,Kansas,20,852,2279704,37.4
1975,Kentucky,21,1496,3468209,43.1
1975,Louisiana,22,1556,3889528,40.0
1975,Maine,23,394,1072253,36.7
1975,Maryland,24,1641,4151738,39.5
1975,Massachusetts,25,2278,5754521,39.6
1975,Michigan,26,3242,9097733,35.6
1975,Minnesota,27,1067,3923380,27.2
1975,Mississippi,28,886,2400734,36.9
1975,Missouri,29,2109,4793956,44.0
1975,Montana,30,220,749357,29.4
1975,Nebraska,31,509,1541485,33.0
1975,Nevada,32,235,619539,37.9
1975,New Hampshire,33,316,828531,38.1
1975,New Jersey,34,3145,7333189,42.9
1975,New Mexico,35,253,1163117,21.8
1975,New York,36,7380,18022195,40.9
1975,North Carolina,37,1729,5530369,31.3
1975,North Dakota,38,154,639175,24.1
1975,Ohio,39,4420,10763595,41.1
1975,Oklahoma,40,1161,2772274,41.9
1975,Oregon,41,933,2324397,40.1
1975,Pennsylvania,42,4997,11886651,42.0
1975,Rhode Island,44,422,944504,44.7
1975,South Carolina,45,895,2898414,30.9
1975,South Dakota,46,196,681892,28.7
1975,Tennessee,47,1603,4258539,37.6
1975,Texas,48,4534,12573557,36.1
1975,Utah,49,170,1237028,13.7
1975,Vermont,50,161,479271,33.6
1975,Virginia,51,1814,5052500,35.9
1975,Washington,53,1353,3618410,37.4
1975,West Virginia,54,825,1840261,44.8
1975,Wisconsin,55,1381,4566799,30.2
1975,Wyoming,56,112,380959,29.4
1976,Alabama,1,1465,3737368,39.2
1976,Alaska,2,56,393479,14.2
1976,Arizona,4,840,2349986,35.7
1976,Arkansas,5,963,2169513,44.4
1976,California,6,8394,21964973,38.2
1976,Colorado,8,611,2634229,23.2
1976,Connecticut,9,1237,3083472,40.1
1976,Delaware,10,237,592492,40.0
1976,District of Columbia,11,335,697977,48.0
1976,Florida,12,5029,8691113,57.9
1976,Georgia,13,1792,5123790,35.0
1976,Hawaii,15,213,903966,23.6
1976,Idaho,16,255,858825,29.7
1976,Illinois,17,4564,11365790,40.2
1976,Indiana,18,2121,5370062,39.5
1976,Iowa,19,1159,2903695,39.9
1976,Kansas,20,929,2301610,40.4
1976,Kentucky,21,1491,3531722,42.2
1976,Louisiana,22,1646,3956566,41.6
1976,Maine,23,492,1089227,45.2
1976,Maryland,24,1783,4169157,42.8
1976,Massachusetts,25,2345,5743282,40.8
1976,Michigan,26,3380,9111274,37.1
1976,Minnesota,27,1176,3955847,29.7
1976,Mississippi,28,909,2431473,37.4
1976,Missouri,29,2209,4824689,45.8
1976,Montana,30,254,759468,33.4
1976,Nebraska,31,495,1549724,31.9
1976,Nevada,32,254,647234,39.2
1976,New Hampshire,33,354,846159,41.8
1976,New Jersey,34,3233,7339629,44.0
1976,New Mexico,35,298,1196730,24.9
1976,New York,36,7621,17975450,42.4
1976,North Carolina,37,1818,5592125,32.5
1976,North Dakota,38,157,646184,24.3
1976,Ohio,39,4609,10750198,42.9
1976,Oklahoma,40,1305,2825313,46.2
1976,Oregon,41,995,2373590,41.9
1976,Pennsylvania,42,5111,11883050,43.0
1976,Rhode Island,44,445,949169,46.9
1976,South Carolina,45,963,2942442,32.7
1976,South Dakota,46,234,687878,34.0
1976,Tennessee,47,1802,4329037,41.6
1976,Texas,48,4779,12914151,37.0
1976,Utah,49,187,1278329,14.6
1976,Vermont,50,180,484840,37.1
1976,Virginia,51,1880,5131164,36.6
1976,Washington,53,1469,3692514,39.8
1976,West Virginia,54,849,1878179,45.2
1976,Wisconsin,55,1370,4583864,29.9
1976,Wyoming,56,119,396140,30.0
1977,Alabama,1,1603,3787228,42.3
1977,Alaska,2,63,398155,15.8
1977,Arizona,4,871,2430816,35.8
1977,Arkansas,5,1022,2209528,46.3
1977,California,6,8902,22391026,39.8
1977,Colorado,8,650,2699679,24.1
1977,Connecticut,9,1312,3088150,42.5
1977,Delaware,10,274,595211,46.0
1977,District of Columbia,11,353,684187,51.6
1977,Florida,12,5264,8892351,59.2
1977,Georgia,13,1892,5215496,36.3
1977,Hawaii,15,231,918145,25.2
1977,Idaho,16,246,886153,27.8
1977,Illinois,17,4716,11419932,41.3
1977,Indiana,18,2233,5408867,41.3
1977,Iowa,19,1076,2917412,36.9
1977,Kansas,20,912,2322007,39.3
1977,Kentucky,21,1693,3579702,47.3
1977,Louisiana,22,1698,4024858,42.2
1977,Maine,23,490,1105892,44.3
1977,Maryland,24,1758,4195712,41.9
1977,Massachusetts,25,2426,5742562,42.2
1977,Michigan,26,3620,9160259,39.5
1977,Minnesota,27,1242,3982696,31.2
1977,Mississippi,28,1016,2463589,41.2
1977,Missouri,29,2163,4850784,44.6
1977,Montana,30,267,772784,34.6
1977,Nebraska,31,604,1556747,38.8
1977,Nevada,32,295,678842,43.5
1977,New Hampshire,33,377,871864,43.2
1977,New Jersey,34,3313,7342995,45.1
1977,New Mexico,35,289,1227515,23.5
1977,New York,36,7955,17862261,44.5
1977,North Carolina,37,2006,5672523,35.4
1977,North Dakota,38,154,650627,23.7
1977,Ohio,39,4761,10777225,44.2
1977,Oklahoma,40,1367,2869096,47.6
1977,Oregon,41,1036,2442459,42.4
1977,Pennsylvania,42,5256,11885806,44.2
1977,Rhode Island,44,483,955035,50.6
1977,South Carolina,45,1024,2992625,34.2
1977,South Dakota,46,239,690304,34.6
1977,Tennessee,47,1935,4406211,43.9
1977,Texas,48,4846,13210567,36.7
1977,Utah,49,172,1323369,13.0
1977,Vermont,50,210,492203,42.7
1977,Virginia,51,1993,5208958,38.3
1977,Washington,53,1576,3777227,41.7
1977,West Virginia,54,917,1907816,48.1
1977,Wisconsin,55,1571,4616214,34.0
1977,Wyoming,56,138,412756,33.4
1978,Alabama,1,1675,3836401,43.7
1978,Alaska,2,79,403301,19.6
1978,Arizona,4,936,2521569,37.1
1978,Arkansas,5,1085,2241861,48.4
1978,California,6,9355,22877677,40.9
1978,Colorado,8,738,2770305,26.6
1978,Connecticut,9,1270,3095187,41.0
1978,Delaware,10,270,598626,45.1
1978,District of Columbia,11,327,672100,48.7
1978,Florida,12,5782,9136789,63.3
1978,Georgia,13,2102,5289380,39.7
1978,Hawaii,15,234,930899,25.1
1978,Idaho,16,228,913257,25.0
1978,Illinois,17,4877,11444137,42.6
1978,Indiana,18,2367,5448023,43.4
1978,Iowa,19,1188,2920970,40.7
1978,Kansas,20,1006,2335833,43.1
1978,Kentucky,21,1794,3614071,49.6
1978,Louisiana,22,1747,4080867,42.8
1978,Maine,23,545,1115688,48.8
1978,Maryland,24,1870,4212541,44.4
1978,Massachusetts,25,2602,5743136,45.3
1978,Michigan,26,3707,9205747,40.3
1978,Minnesota,27,1295,4008285,32.3
1978,Mississippi,28,1058,2490446,42.5
1978,Missouri,29,2404,4875833,49.3
1978,Montana,30,283,785301,36.0
1978,Nebraska,31,629,1562649,40.3
1978,Nevada,32,284,720379,39.4
1978,New Hampshire,33,372,894154,41.6
1978,New Jersey,34,3558,7357451,48.4
1978,New Mexico,35,311,1254377,24.8
1978,New York,36,8015,17727471,45.2
1978,North Carolina,37,2130,5741716,37.1
1978,North Dakota,38,189,651776,29.0
1978,Ohio,39,4806,10800633,44.5
1978,Oklahoma,40,1395,2915465,47.8
1978,Oregon,41,1095,2512458,43.6
1978,Pennsylvania,42,5644,11868307,47.6
1978,Rhode Island,44,473,957172,49.4
1978,South Carolina,45,1061,3044232,34.9
1978,South Dakota,46,231,690535,33.5
1978,Tennessee,47,1981,4465346,44.4
1978,Texas,48,5231,13518570,38.7
1978,Utah,49,178,1369925,13.0
1978,Vermont,50,219,498405,43.9
1978,Virginia,51,2200,5286164,41.6
1978,Washington,53,1557,3889962,40.0
1978,West Virginia,54,972,1921469,50.6
1978,Wisconsin,55,1620,4633340,35.0
1978,Wyoming,56,111,431897,25.7
1979,Alabama,1,1779,3873403,45.9
1979,Alaska,2,85,404735,21.0
1979,Arizona,4,1034,2643879,39.1
1979,Arkansas,5,1184,2270804,52.1
1979,California,6,9427,23304422,40.5
1979,Colorado,8,712,2854156,24.9
1979,Connecticut,9,1352,3101686,43.6
1979,Delaware,10,278,599476,46.4
1979,District of Columbia,11,332,658050,50.5
1979,Florida,12,6027,9480731,63.6
1979,Georgia,13,2081,5397054,38.6
1979,Hawaii,15,257,952438,27.0
1979,Idaho,16,248,934621,26.5
1979,Illinois,17,5214,11440371,45.6
1979,Indiana,18,2512,5479304,45.8
1979,Iowa,19,1257,2919960,43.0
1979,Kansas,20,1005,2351528,42.7
1979,Kentucky,21,1816,3646979,49.8
1979,Louisiana,22,1814,4148645,43.7
1979,Maine,23,568,1125556,50.5
1979,Maryland,24,2026,4227079,47.9
1979,Massachusetts,25,2646,5748843,46.0
1979,Michigan,26,3763,9257009,40.7
1979,Minnesota,27,1327,4043445,32.8
1979,Mississippi,28,1098,2511256,43.7
1979,Missouri,29,2602,4896275,53.1
1979,Montana,30,261,790598,33.0
1979,Nebraska,31,615,1566773,39.3
1979,Nevada,32,333,766883,43.4
1979,New Hampshire,33,380,912305,41.7
1979,New Jersey,34,3607,7376891,48.9
1979,New Mexico,35,357,1283865,27.8
1979,New York,36,8036,17642635,45.5
1979,North Carolina,37,2226,5805293,38.3
1979,North Dakota,38,199,653417,30.5
1979,Ohio,39,5002,10809033,46.3
1979,Oklahoma,40,1509,2974068,50.7
1979,Oregon,41,1234,2581971,47.8
1979,Pennsylvania,42,5815,11882234,48.9
1979,Rhode Island,44,490,957016,51.2
1979,South Carolina,45,1172,3090454,37.9
1979,South Dakota,46,233,690740,33.7
1979,Tennessee,47,2113,4537642,46.6
1979,Texas,48,5294,13916436,38.0
1979,Utah,49,241,1421446,17.0
1979,Vermont,50,213,506115,42.1
1979,Virginia,51,2283,5329589,42.8
1979,Washington,53,1683,4018920,41.9
1979,West Virginia,54,988,1940160,50.9
1979,Wisconsin,55,1600,4671398,34.3
1979,Wyoming,56,123,453287,27.1
1980,Alabama,1,1893,3898117,48.6
1980,Alaska,2,82,403594,20.3
1980,Arizona,4,1195,2725485,43.8
1980,Arkansas,5,1233,2288599,53.9
1980,California,6,10056,23729183,42.4
1980,Colorado,8,811,2896401,28.0
1980,Connecticut,9,1479,3109321,47.6
1980,Delaware,10,287,595519,48.2
1980,District of Columbia,11,390,640822,60.9
1980,Florida,12,6477,9764074,66.3
1980,Georgia,13,2247,5472448,41.1
1980,Hawaii,15,284,967282,29.4
1980,Idaho,16,281,945395,29.7
1980,Illinois,17,5319,11448136,46.5
1980,Indiana,18,2626,5494918,47.8
1980,Iowa,19,1226,2917312,42.0
1980,Kansas,20,994,2368222,42.0
1980,Kentucky,21,1920,3663841,52.4
1980,Louisiana,22,1858,4215763,44.1
1980,Maine,23,631,1125413,56.1
1980,Maryland,24,2080,4222450,49.3
1980,Massachusetts,25,2717,5742222,47.3
1980,Michigan,26,3983,9270570,43.0
1980,Minnesota,27,1404,4082304,34.4
1980,Mississippi,28,1156,2525447,45.8
1980,Missouri,29,2644,4924814,53.7
1980,Montana,30,310,788004,39.3
1980,Nebraska,31,612,1572604,38.9
1980,Nevada,32,372,802587,46.4
1980,New Hampshire,33,409,921857,44.4
1980,New Jersey,34,3719,7369031,50.5
1980,New Mexico,35,351,1306062,26.9
1980,New York,36,8558,17569902,48.7
1980,North Carolina,37,2375,5885456,40.4
1980,North Dakota,38,188,653755,28.8
1980,Ohio,39,5507,10809348,50.9
1980,Oklahoma,40,1532,3030739,50.5
1980,Oregon,41,1234,2636626,46.8
1980,Pennsylvania,42,5930,11873224,49.9
1980,Rhode Island,44,474,948005,50.0
1980,South Carolina,45,1273,3126100,40.7
1980,South Dakota,46,233,692365,33.7
1980,Tennessee,47,2264,4595143,49.3
1980,Texas,48,5598,14268965,39.2
1980,Utah,49,213,1464846,14.5
1980,Vermont,50,252,512144,49.2
1980,Virginia,51,2424,5353138,45.3
1980,Washington,53,1841,4138795,44.5
1980,West Virginia,54,1050,1949995,53.8
1980,Wisconsin,55,1712,4711208,36.3
1980,Wyoming,56,140,471153,29.7
1981,Alabama,1,1911,3920097,48.7
1981,Alaska,2,90,420161,21.4
1981,Arizona,4,1202,2816864,42.7
1981,Arkansas,5,1248,2293696,54.4
1981,California,6,10391,24344273,42.7
1981,Colorado,8,847,2983957,28.4
1981,Connecticut,9,1421,3131032,45.4
1981,Delaware,10,363,596658,60.8
1981,District of Columbia,11,366,638852,57.3
1981,Florida,12,6612,10208144,64.8
1981,Georgia,13,2388,5572350,42.9
1981,Hawaii,15,269,980258,27.4
1981,Idaho,16,307,962481,31.9
1981,Illinois,17,5240,11455471,45.7
1981,Indiana,18,2733,5480835,49.9
1981,Iowa,19,1277,2908684,43.9
1981,Kansas,20,1058,2388484,44.3
1981,Kentucky,21,2055,3670577,56.0
1981,Louisiana,22,2033,4290182,47.4
1981,Maine,23,587,1133551,51.8
1981,Maryland,24,2068,4266825,48.5
1981,Massachusetts,25,2681,5773757,46.4
1981,Michigan,26,4033,9211052,43.8
1981,Minnesota,27,1434,4116561,34.8
1981,Mississippi,28,1264,2541298,49.7
1981,Missouri,29,2691,4936035,54.5
1981,Montana,30,298,796224,37.4
1981,Nebraska,31,685,1580405,43.3
1981,Nevada,32,377,849258,44.4
1981,New Hampshire,33,452,937237,48.2
1981,New Jersey,34,3842,7410794,51.8
1981,New Mexico,35,336,1335253,25.2
1981,New York,36,8451,17580612,48.1
1981,North Carolina,37,2566,5958396,43.1
1981,North Dakota,38,191,660558,28.9
1981,Ohio,39,5507,10795737,51.0
1981,Oklahoma,40,1614,3101005,52.0
1981,Oregon,41,1260,2669849,47.2
1981,Pennsylvania,42,6216,11866773,52.4
1981,Rhode Island,44,523,953757,54.8
1981,South Carolina,45,1385,3182070,43.5
1981,South Dakota,46,281,690361,40.7
1981,Tennessee,47,2301,4628211,49.7
1981,Texas,48,5856,14779030,39.6
1981,Utah,49,232,1516752,15.3
1981,Vermont,50,223,516116,43.2
1981,Virginia,51,2495,5449172,45.8
1981,Washington,53,1916,4240915,45.2
1981,West Virginia,54,1033,1952950,52.9
1981,Wisconsin,55,1833,4729678,38.8
1981,Wyoming,56,119,492753,24.2
1982,Alabama,1,2029,3925924,51.7
1982,Alaska,2,90,451672,19.9
1982,Arizona,4,1264,2896090,43.6
1982,Arkansas,5,1333,2294665,58.1
1982,California,6,10990,24870183,44.2
1982,Colorado,8,863,3068025,28.1
1982,Connecticut,9,1506,3141181,47.9
1982,Delaware,10,326,599565,54.4
1982,District of Columbia,11,332,636098,52.2
1982,Florida,12,7121,10487366,67.9
1982,Georgia,13,2526,5652656,44.7
1982,Hawaii,15,272,995925,27.3
1982,Idaho,16,329,973832,33.8
1982,Illinois,17,5514,11432454,48.2
1982,Indiana,18,2700,5468160,49.4
1982,Iowa,19,1332,2887872,46.1
1982,Kansas,20,1107,2403605,46.1
1982,Kentucky,21,2130,3683426,57.8
1982,Louisiana,22,2154,4359915,49.4
1982,Maine,23,626,1137158,55.0
1982,Maryland,24,2206,4288914,51.4
1982,Massachusetts,25,2888,5777189,50.0
1982,Michigan,26,4324,9116004,47.4
1982,Minnesota,27,1491,4134565,36.1
1982,Mississippi,28,1274,2558332,49.8
1982,Missouri,29,2824,4932516,57.3
1982,Montana,30,310,804762,38.5
1982,Nebraska,31,623,1583033,39.4
1982,Nevada,32,454,882729,51.4
1982,New Hampshire,33,423,948559,44.6
1982,New Jersey,34,3954,7436116,53.2
1982,New Mexico,35,427,1366486,31.2
1982,New York,36,8582,17606044,48.7
1982,North Carolina,37,2691,6022244,44.7
1982,North Dakota,38,223,669903,33.3
1982,Ohio,39,5708,10761581,53.0
1982,Oklahoma,40,1715,3213698,53.4
1982,Oregon,41,1291,2664744,48.4
1982,Pennsylvania,42,6354,11853261,53.6
1982,Rhode Island,44,532,954795,55.7
1982,South Carolina,45,1396,3209765,43.5
1982,South Dakota,46,252,691342,36.5
1982,Tennessee,47,2539,4646503,54.6
1982,Texas,48,6142,15366008,40.0
1982,Utah,49,226,1559272,14.5
1982,Vermont,50,216,519544,41.6
1982,Virginia,51,2629,5498214,47.8
1982,Washington,53,1925,4280029,45.0
1982,West Virginia,54,1166,1948421,59.8
1982,Wisconsin,55,1915,4731560,40.5
1982,Wyoming,56,149,507270,29.4
1983,Alabama,1,2081,3933838,52.9
1983,Alaska,2,99,490111,20.2
1983,Arizona,4,1306,2974479,43.9
1983,Arkansas,5,1428,2305943,61.9
1983,California,6,11209,25398443,44.1
1983,Colorado,8,871,3137512,27.8
1983,Connecticut,9,1539,3164200,48.6
1983,Delaware,10,305,605660,50.4
1983,District of Columbia,11,322,634223,50.8
1983,Florida,12,7555,10764476,70.2
1983,Georgia,13,2599,5729765,45.4
1983,Hawaii,15,276,1014687,27.2
1983,Idaho,16,303,981166,30.9
1983,Illinois,17,5642,11411820,49.4
1983,Indiana,18,2779,5448436,51.0
1983,Iowa,19,1412,2869260,49.2
1983,Kansas,20,1155,2416834,47.8
1983,Kentucky,21,2159,3692888,58.5
1983,Louisiana,22,2231,4398962,50.7
1983,Maine,23,648,1145063,56.6
1983,Maryland,24,2256,4317920,52.2
1983,Massachusetts,25,3004,5804093,51.8
1983,Michigan,26,4450,9044768,49.2
1983,Minnesota,27,1579,4140847,38.1
1983,Mississippi,28,1337,2567091,52.1
1983,Missouri,29,2815,4945152,56.9
1983,Montana,30,303,813994,37.2
1983,Nebraska,31,623,1584550,39.3
1983,Nevada,32,458,902325,50.8
1983,New Hampshire,33,433,958516,45.2
1983,New Jersey,34,4208,7472553,56.3
1983,New Mexico,35,417,1396135,29.9
1983,New York,36,8853,17700795,50.0
1983,North Carolina,37,2793,6077569,46.0
1983,North Dakota,38,215,677113,31.8
1983,Ohio,39,6001,10735643,55.9
1983,Oklahoma,40,1815,3292987,55.1
1983,Oregon,41,1365,2652041,51.5
1983,Pennsylvania,42,6452,11840497,54.5
1983,Rhode Island,44,549,956902,57.4
1983,South Carolina,45,1426,3234838,44.1
1983,South Dakota,46,284,693218,41.0
1983,Tennessee,47,2528,4658925,54.3
1983,Texas,48,6461,15773066,41.0
1983,Utah,49,247,1593625,15.5
1983,Vermont,50,231,523511,44.1
1983,Virginia,51,2742,5568120,49.2
1983,Washington,53,1978,4301870,46.0
1983,West Virginia,54,1131,1943037,58.2
1983,Wisconsin,55,1998,4722266,42.3
1983,Wyoming,56,152,510050,29.8
1984,Alabama,1,2169,3952400,54.9
1984,Alaska,2,114,515014,22.1
1984,Arizona,4,1397,3072024,45.5
1984,Arkansas,5,1416,2320088,61.0
1984,California,6,11798,25881851,45.6
1984,Colorado,8,940,3172473,29.6
1984,Connecticut,9,1533,3182426,48.2
1984,Delaware,10,369,611723,60.3
1984,District of Columbia,11,339,635294,53.4
1984,Florida,12,7810,11055366,70.6
1984,Georgia,13,2773,5837719,47.5
1984,Hawaii,15,360,1029123,35.0
1984,Idaho,16,343,989800,34.7
1984,Illinois,17,5869,11415352,51.4
1984,Indiana,18,3022,5456941,55.4
1984,Iowa,19,1412,2857249,49.4
1984,Kansas,20,1149,2424856,47.4
1984,Kentucky,21,2281,3693321,61.8
1984,Louisiana,22,2165,4402961,49.2
1984,Maine,23,632,1155952,54.7
1984,Maryland,24,2253,4369622,51.6
1984,Massachusetts,25,3039,5846449,52.0
1984,Michigan,26,4413,9051129,48.8
1984,Minnesota,27,1635,4158462,39.3
1984,Mississippi,28,1327,2577540,51.5
1984,Missouri,29,2801,4975430,56.3
1984,Montana,30,359,820809,43.7
1984,Nebraska,31,747,1588722,47.0
1984,Nevada,32,496,925490,53.6
1984,New Hampshire,33,505,977486,51.7
1984,New Jersey,34,4154,7521394,55.2
1984,New Mexico,35,425,1417741,30.0
1984,New York,36,8809,17760104,49.6
1984,North Carolina,37,2942,6166516,47.7
1984,North Dakota,38,265,680312,39.0
1984,Ohio,39,5941,10736395,55.3
1984,Oklahoma,40,1887,3285285,57.4
1984,Oregon,41,1578,2665575,59.2
1984,Pennsylvania,42,6854,11817071,58.0
1984,Rhode Island,44,551,962417,57.3
1984,South Carolina,45,1469,3272398,44.9
1984,South Dakota,46,277,697364,39.7
1984,Tennessee,47,2613,4686096,55.8
1984,Texas,48,6602,16025603,41.2
1984,Utah,49,267,1620861,16.5
1984,Vermont,50,251,526832,47.6
1984,Virginia,51,2862,5648358,50.7
1984,Washington,53,2095,4345120,48.2
1984,West Virginia,54,1218,1925468,63.3
1984,Wisconsin,55,2055,4736891,43.4
1984,Wyoming,56,149,504323,29.5
1985,Alabama,1,2273,3974101,57.2
1985,Alaska,2,117,533411,21.9
1985,Arizona,4,1486,3190632,46.6
1985,Arkansas,5,1421,2328082,61.0
1985,California,6,12078,26488512,45.6
1985,Colorado,8,915,3211081,28.5
1985,Connecticut,9,1658,3204314,51.7
1985,Delaware,10,366,618730,59.2
1985,District of Columbia,11,370,636435,58.1
1985,Florida,12,8246,11368628,72.5
1985,Georgia,13,2873,5968250,48.1
1985,Hawaii,15,318,1040309,30.6
1985,Idaho,16,319,993122,32.1
1985,Illinois,17,6031,11405963,52.9
1985,Indiana,18,3145,5460017,57.6
1985,Iowa,19,1471,2828452,52.0
1985,Kansas,20,1157,2427892,47.7
1985,Kentucky,21,2353,3693608,63.7
1985,Louisiana,22,2366,4410832,53.6
1985,Maine,23,668,1163300,57.4
1985,Maryland,24,2393,4418431,54.2
1985,Massachusetts,25,3129,5888059,53.1
1985,Michigan,26,4578,9080608,50.4
1985,Minnesota,27,1600,4185589,38.2
1985,Mississippi,28,1365,2587595,52.8
1985,Missouri,29,2954,5002627,59.0
1985,Montana,30,336,821606,40.9
1985,Nebraska,31,748,1584368,47.2
1985,Nevada,32,522,951751,54.8
1985,New Hampshire,33,515,998254,51.6
1985,New Jersey,34,4343,7574114,57.3
1985,New Mexico,35,441,1439684,30.6
1985,New York,36,9233,17812033,51.8
1985,North Carolina,37,3105,6258979,49.6
1985,North Dakota,38,252,676853,37.2
1985,Ohio,39,6246,10736928,58.2
1985,Oklahoma,40,1814,3269949,55.5
1985,Oregon,41,1493,2672205,55.9
1985,Pennsylvania,42,7030,11776308,59.7
1985,Rhode Island,44,593,969638,61.2
1985,South Carolina,45,1538,3304946,46.5
1985,South Dakota,46,323,698330,46.3
1985,Tennessee,47,2733,4717235,57.9
1985,Texas,48,6481,16294915,39.8
1985,Utah,49,237,1641813,14.4
1985,Vermont,50,254,530151,47.9
1985,Virginia,51,3008,5721491,52.6
1985,Washington,53,2195,4402035,49.9
1985,West Virginia,54,1302,1905477,68.3
1985,Wisconsin,55,2027,4749522,42.7
1985,Wyoming,56,137,499098,27.4
1986,Alabama,1,2339,3993162,58.6
1986,Alaska,2,148,544113,27.2
1986,Arizona,4,1521,3315309,45.9
1986,Arkansas,5,1570,2332608,67.3
1986,California,6,12113,27149692,44.6
1986,Colorado,8,1062,3239353,32.8
1986,Connecticut,9,1626,3226567,50.4
1986,Delaware,10,363,628001,57.8
1986,District of Columbia,11,403,640289,62.9
1986,Florida,12,8481,11682730,72.6
1986,Georgia,13,2997,6090642,49.2
1986,Hawaii,15,347,1052609,33.0
1986,Idaho,16,384,988853,38.8
1986,Illinois,17,6008,11390893,52.7
1986,Indiana,18,3120,5454341,57.2
1986,Iowa,19,1461,2789767,52.4
1986,Kansas,20,1179,2433204,48.5
1986,Kentucky,21,2400,3686796,65.1
1986,Louisiana,22,2377,4407247,53.9
1986,Maine,23,704,1170191,60.2
1986,Maryland,24,2421,4491956,53.9
1986,Massachusetts,25,3218,5908572,54.5
1986,Michigan,26,4553,9131461,49.9
1986,Minnesota,27,1669,4205059,39.7
1986,Mississippi,28,1410,2592534,54.4
1986,Missouri,29,3122,5023917,62.1
1986,Montana,30,349,812728,42.9
1986,Nebraska,31,785,1573401,49.9
1986,Nevada,32,585,981594,59.6
1986,New Hampshire,33,514,1026391,50.1
1986,New Jersey,34,4393,7631703,57.6
1986,New Mexico,35,462,1463653,31.6
1986,New York,36,9285,17855619,52.0
1986,North Carolina,37,3211,6326197,50.8
1986,North Dakota,38,252,668770,37.7
1986,Ohio,39,6237,10731362,58.1
1986,Oklahoma,40,1929,3249991,59.4
1986,Oregon,41,1578,2683141,58.8
1986,Pennsylvania,42,6983,11787507,59.2
1986,Rhode Island,44,582,978176,59.5
1986,South Carolina,45,1654,3344298,49.5
1986,South Dakota,46,345,695608,49.6
1986,Tennessee,47,2875,4740418,60.6
1986,Texas,48,6876,16578053,41.5
1986,Utah,49,275,1661876,16.5
1986,Vermont,50,277,534224,51.9
1986,Virginia,51,3207,5817306,55.1
1986,Washington,53,2276,4453602,51.1
1986,West Virginia,54,1331,1881152,70.8
1986,Wisconsin,55,2106,4755750,44.3
1986,Wyoming,56,159,494693,32.1
1987,Alabama,1,2434,4017181,60.6
1987,Alaska,2,137,538774,25.4
1987,Arizona,4,1755,3444621,50.9
1987,Arkansas,5,1715,2343274,73.2
1987,California,6,12630,27834578,45.4
1987,Colorado,8,1055,3261010,32.4
1987,Connecticut,9,1710,3251130,52.6
1987,Delaware,10,363,637508,56.9
1987,District of Columbia,11,373,639144,58.4
1987,Florida,12,8937,12014726,74.4
1987,Georgia,13,3080,6216909,49.5
1987,Hawaii,15,367,1069296,34.3
1987,Idaho,16,365,983879,37.1
1987,Illinois,17,6194,11400420,54.3
1987,Indiana,18,3119,5472984,57.0
1987,Iowa,19,1498,2765297,54.2
1987,Kansas,20,1246,2445357,51.0
1987,Kentucky,21,2475,3683045,67.2
1987,Louisiana,22,2448,4343172,56.4
1987,Maine,23,709,1184645,59.8
1987,Maryland,24,2602,4571635,56.9
1987,Massachusetts,25,3243,5941484,54.6
1987,Michigan,26,4832,9192919,52.6
1987,Minnesota,27,1781,4234621,42.1
1987,Mississippi,28,1563,2588225,60.4
1987,Missouri,29,3184,5057592,63.0
1987,Montana,30,372,804102,46.3
1987,Nebraska,31,768,1565620,49.1
1987,Nevada,32,622,1024508,60.7
1987,New Hampshire,33,521,1056137,49.3
1987,New Jersey,34,4432,7682247,57.7
1987,New Mexico,35,476,1479456,32.2
1987,New York,36,9406,17896387,52.6
1987,North Carolina,37,3426,6410298,53.4
1987,North Dakota,38,276,660408,41.8
1987,Ohio,39,6385,10761881,59.3
1987,Oklahoma,40,1914,3206611,59.7
1987,Oregon,41,1581,2700862,58.5
1987,Pennsylvania,42,7487,11816661,63.4
1987,Rhode Island,44,599,990695,60.5
1987,South Carolina,45,1743,3383016,51.5
1987,South Dakota,46,329,695832,47.3
1987,Tennessee,47,3073,4786279,64.2
1987,Texas,48,7128,16635523,42.8
1987,Utah,49,293,1677020,17.5
1987,Vermont,50,275,540359,50.9
1987,Virginia,51,3108,5938705,52.3
1987,Washington,53,2281,4532945,50.3
1987,West Virginia,54,1353,1856624,72.9
1987,Wisconsin,55,2172,4776638,45.5
1987,Wyoming,56,174,475750,36.6
1988,Alabama,1,2512,4027045,62.4
1988,Alaska,2,147,541504,27.1
1988,Arizona,4,1837,3543501,51.8
1988,Arkansas,5,1745,2344127,74.4
1988,California,6,12824,28538528,44.9
1988,Colorado,8,1039,3263281,31.8
1988,Connecticut,9,1744,3275681,53.2
1988,Delaware,10,419,648489,64.6
1988,District of Columbia,11,384,633081,60.7
1988,Florida,12,9193,12326923,74.6
1988,Georgia,13,3218,6325549,50.9
1988,Hawaii,15,375,1081823,34.7
1988,Idaho,16,395,984942,40.1
1988,Illinois,17,6257,11404558,54.9
1988,Indiana,18,3338,5494747,60.7
1988,Iowa,19,1662,2767561,60.1
1988,Kansas,20,1337,2462513,54.3
1988,Kentucky,21,2659,3680399,72.2
1988,Louisiana,22,2542,4290471,59.2
1988,Maine,23,759,1204034,63.0
1988,Maryland,24,2650,4664719,56.8
1988,Massachusetts,25,3314,5988121,55.3
1988,Michigan,26,4914,9220559,53.3
1988,Minnesota,27,1816,4296514,42.3
1988,Mississippi,28,1578,2581921,61.1
1988,Missouri,29,3190,5084041,62.7
1988,Montana,30,410,799194,51.3
1988,Nebraska,31,787,1570938,50.1
1988,Nevada,32,717,1076531,66.6
1988,New Hampshire,33,537,1083938,49.5
1988,New Jersey,34,4419,7725411,57.2
1988,New Mexico,35,496,1491143,33.3
1988,New York,36,9467,17973645,52.7
1988,North Carolina,37,3671,6489369,56.6
1988,North Dakota,38,276,654883,42.1
1988,Ohio,39,6526,10802549,60.4
1988,Oklahoma,40,1975,3165891,62.4
1988,Oregon,41,1661,2742357,60.6
1988,Pennsylvania,42,7397,11853242,62.4
1988,Rhode Island,44,613,997406,61.5
1988,South Carolina,45,1793,3416448,52.5
1988,South Dakota,46,319,697830,45.7
1988,Tennessee,47,3061,4827504,63.4
1988,Texas,48,7399,16686059,44.3
1988,Utah,49,257,1690185,15.2
1988,Vermont,50,258,549762,46.9
1988,Virginia,51,3216,6044002,53.2
1988,Washington,53,2339,4641797,50.4
1988,West Virginia,54,1372,1829578,75.0
1988,Wisconsin,55,2296,4820818,47.6
1988,Wyoming,56,174,464337,37.5
1989,Alabama,1,2541,4034980,63.0
1989,Alaska,2,130,547442,23.7
1989,Arizona,4,1742,3629959,48.0
1989,Arkansas,5,1717,2348699,73.1
1989,California,6,13158,29309226,44.9
1989,Colorado,8,1113,3276660,34.0
1989,Connecticut,9,1802,3287127,54.8
1989,Delaware,10,420,659194,63.7
1989,District of Columbia,11,395,628088,62.9
1989,Florida,12,9881,12660706,78.0
1989,Georgia,13,3327,6421599,51.8
1989,Hawaii,15,370,1096941,33.7
1989,Idaho,16,414,994027,41.6
1989,Illinois,17,6408,11428341,56.1
1989,Indiana,18,3372,5527092,61.0
1989,Iowa,19,1600,2770681,57.7
1989,Kansas,20,1356,2473223,54.8
1989,Kentucky,21,2702,3680272,73.4
1989,Louisiana,22,2580,4255514,60.6
1989,Maine,23,808,1220123,66.2
1989,Maryland,24,2629,4734189,55.5
1989,Massachusetts,25,3431,6024327,57.0
1989,Michigan,26,4986,9261707,53.8
1989,Minnesota,27,1814,4338139,41.8
1989,Mississippi,28,1615,2577300,62.7
1989,Missouri,29,3414,5099228,67.0
1989,Montana,30,386,799006,48.3
1989,Nebraska,31,826,1574764,52.5
1989,Nevada,32,668,1139274,58.6
1989,New Hampshire,33,612,1105559,55.4
1989,New Jersey,34,4591,7740291,59.3
1989,New Mexico,35,526,1505199,34.9
1989,New York,36,9644,18020427,53.5
1989,North Carolina,37,3844,6575819,58.5
1989,North Dakota,38,272,645879,42.1
1989,Ohio,39,6631,10834811,61.2
1989,Oklahoma,40,2080,3150823,66.0
1989,Oregon,41,1725,2791767,61.8
1989,Pennsylvania,42,7539,11874141,63.5
1989,Rhode Island,44,645,1001925,64.4
1989,South Carolina,45,1889,3462182,54.6
1989,South Dakota,46,334,696513,48.0
1989,Tennessee,47,3167,4860544,65.2
1989,Texas,48,7819,16832321,46.5
1989,Utah,49,319,1706799,18.7
1989,Vermont,50,255,557960,45.7
1989,Virginia,51,3314,6128424,54.1
1989,Washington,53,2513,4748909,52.9
1989,West Virginia,54,1374,1806822,76.0
1989,Wisconsin,55,2271,4855689,46.8
1989,Wyoming,56,181,457896,39.5
1990,Alabama,1,2525,4043643,62.4
1990,Alaska,2,147,549982,26.7
1990,Arizona,4,1913,3670009,52.1
1990,Arkansas,5,1829,2352527,77.7
1990,California,6,13306,29829422,44.6
1990,Colorado,8,1184,3295529,35.9
1990,Connecticut,9,1754,3287825,53.3
1990,Delaware,10,452,666780,67.8
1990,District of Columbia,11,352,609615,57.7
1990,Florida,12,10264,12952277,79.2
1990,Georgia,13,3388,6483380,52.3
1990,Hawaii,15,395,1109946,35.6
1990,Idaho,16,408,1006693,40.5
1990,Illinois,17,6508,11443138,56.9
1990,Indiana,18,3493,5546819,63.0
1990,Iowa,19,1569,2776587,56.5
1990,Kansas,20,1376,2477805,55.5
1990,Kentucky,21,2816,3687389,76.4
1990,Louisiana,22,2685,4222456,63.6
1990,Maine,23,795,1227806,64.7
1990,Maryland,24,2850,4784119,59.6
1990,Massachusetts,25,3284,6018936,54.6
1990,Michigan,26,5041,9297733,54.2
1990,Minnesota,27,1912,4374144,43.7
1990,Mississippi,28,1612,2575063,62.6
1990,Missouri,29,3456,5119810,67.5
1990,Montana,30,412,798774,51.6
1990,Nebraska,31,862,1578064,54.6
1990,Nevada,32,713,1202941,59.3
1990,New Hampshire,33,527,1109074,47.5
1990,New Jersey,34,4712,7735834,60.9
1990,New Mexico,35,556,1515717,36.7
1990,New York,36,9850,18010739,54.7
1990,North Carolina,37,3933,6633506,59.3
1990,North Dakota,38,308,638325,48.3
1990,Ohio,39,6839,10850094,63.0
1990,Oklahoma,40,2057,3146136,65.4
1990,Oregon,41,1821,2843155,64.0
1990,Pennsylvania,42,7804,11886559,65.7
1990,Rhode Island,44,618,1004026,61.6
1990,South Carolina,45,2029,3489605,58.1
1990,South Dakota,46,308,695805,44.3
1990,Tennessee,47,3371,4880859,69.1
1990,Texas,48,8558,17008748,50.3
1990,Utah,49,302,1723370,17.5
1990,Vermont,50,321,562489,57.1
1990,Virginia,51,3367,6191428,54.4
1990,Washington,53,2652,4868410,54.5
1990,West Virginia,54,1430,1794262,79.7
1990,Wisconsin,55,2431,4891217,49.7
1990,Wyoming,56,190,453541,41.9
1991,Alabama,1,2646,4101607,64.5
1991,Alaska,2,151,570440,26.5
1991,Arizona,4,2039,3789418,53.8
1991,Arkansas,5,1842,2384138,77.3
1991,California,6,13517,30482745,44.3
1991,Colorado,8,1259,3387824,37.2
1991,Connecticut,9,1848,3303749,55.9
1991,Delaware,10,456,683489,66.7
1991,District of Columbia,11,351,603671,58.1
1991,Florida,12,10453,13371703,78.2
1991,Georgia,13,3513,6655914,52.8
1991,Hawaii,15,440,1137471,38.7
1991,Idaho,16,395,1041649,37.9
1991,Illinois,17,6533,11576175,56.4
1991,Indiana,18,3587,5619615,63.8
1991,Iowa,19,1668,2798656,59.6
1991,Kansas,20,1402,2499627,56.1
1991,Kentucky,21,2940,3724483,78.9
1991,Louisiana,22,2744,4256824,64.5
1991,Maine,23,864,1237484,69.8
1991,Maryland,24,2697,4868547,55.4
1991,Massachusetts,25,3504,6019893,58.2
1991,Michigan,26,5275,9405654,56.1
1991,Minnesota,27,1932,4442550,43.5
1991,Mississippi,28,1592,2601024,61.2
1991,Missouri,29,3490,5173480,67.5
1991,Montana,30,453,809934,55.9
1991,Nebraska,31,787,1596681,49.3
1991,Nevada,32,820,1296406,63.3
1991,New Hampshire,33,618,1110160,55.7
1991,New Jersey,34,4693,7817415,60.0
1991,New Mexico,35,567,1555923,36.4
1991,New York,36,9999,18130655,55.1
1991,North Carolina,37,3865,6786010,57.0
1991,North Dakota,38,305,636172,47.9
1991,Ohio,39,7067,10951104,64.5
1991,Oklahoma,40,2140,3176556,67.4
1991,Oregon,41,1814,2929085,61.9
1991,Pennsylvania,42,7937,11987818,66.2
1991,Rhode Island,44,623,1010812,61.6
1991,South Carolina,45,1957,3572113,54.8
1991,South Dakota,46,369,704009,52.4
1991,Tennessee,47,3278,4968973,66.0
1991,Texas,48,8507,17405312,48.9
1991,Utah,49,336,1780280,18.9
1991,Vermont,50,270,568691,47.5
1991,Virginia,51,3485,6303660,55.3
1991,Washington,53,2613,5026490,52.0
1991,West Virginia,54,1499,1799502,83.3
1991,Wisconsin,55,2448,4967147,49.3
1991,Wyoming,56,170,459330,37.0
1992,Alabama,1,2728,4155699,65.6
1992,Alaska,2,147,589389,24.9
1992,Arizona,4,2127,3917373,54.3
1992,Arkansas,5,1985,2416429,82.1
1992,California,6,13418,30992952,43.3
1992,Colorado,8,1208,3496821,34.5
1992,Connecticut,9,1832,3301385,55.5
1992,Delaware,10,445,695038,64.0
1992,District of Columbia,11,341,600028,56.8
1992,Florida,12,10540,13654211,77.2
1992,Georgia,13,3500,6820520,51.3
1992,Hawaii,15,433,1159490,37.3
1992,Idaho,16,459,1072047,42.8
1992,Illinois,17,6609,11698413,56.5
1992,Indiana,18,3569,5675757,62.9
1992,Iowa,19,1644,2819049,58.3
1992,Kansas,20,1382,2533409,54.6
1992,Kentucky,21,2886,3766660,76.6
1992,Louisiana,22,2697,4294771,62.8
1992,Maine,23,803,1238753,64.8
1992,Maryland,24,2810,4924464,57.1
1992,Massachusetts,25,3650,6030816,60.5
1992,Michigan,26,5520,9481313,58.2
1992,Minnesota,27,2012,4496148,44.7
1992,Mississippi,28,1626,2624678,62.0
1992,Missouri,29,3564,5218259,68.3
1992,Montana,30,434,825876,52.6
1992,Nebraska,31,836,1612239,51.9
1992,Nevada,32,852,1352217,63.0
1992,New Hampshire,33,607,1117966,54.3
1992,New Jersey,34,4615,7882245,58.5
1992,New Mexico,35,540,1595850,33.8
1992,New York,36,9960,18252611,54.6
1992,North Carolina,37,4087,6900726,59.2
1992,North Dakota,38,307,638575,48.1
1992,Ohio,39,7119,11031225,64.5
1992,Oklahoma,40,2132,3221404,66.2
1992,Oregon,41,1901,2992359,63.5
1992,Pennsylvania,42,8098,12052611,67.2
1992,Rhode Island,44,678,1012667,67.0
1992,South Carolina,45,2033,3621983,56.1
1992,South Dakota,46,399,713096,56.0
1992,Tennessee,47,3459,5051188,68.5
1992,Texas,48,8874,17766812,49.9
1992,Utah,49,328,1837837,17.8
1992,Vermont,50,344,572925,60.0
1992,Virginia,51,3491,6417314,54.4
1992,Washington,53,2737,5161525,53.0
1992,West Virginia,54,1445,1806776,80.0
1992,Wisconsin,55,2543,5028141,50.6
1992,Wyoming,56,189,466423,40.5
1993,Alabama,1,2638,4216208,62.6
1993,Alaska,2,182,599884,30.3
1993,Arizona,4,2162,4066852,53.2
1993,Arkansas,5,1892,2457014,77.0
1993,California,6,13730,31296016,43.9
1993,Colorado,8,1303,3614735,36.0
1993,Connecticut,9,1759,3309945,53.1
1993,Delaware,10,473,706719,66.9
1993,District of Columbia,11,362,597713,60.6
1993,Florida,12,10739,13932066,77.1
1993,Georgia,13,3639,6981614,52.1
1993,Hawaii,15,415,1173765,35.4
1993,Idaho,16,468,1108881,42.2
1993,Illinois,17,6852,11816159,58.0
1993,Indiana,18,3692,5741125,64.3
1993,Iowa,19,1750,2837695,61.7
1993,Kansas,20,1356,2557596,53.0
1993,Kentucky,21,2953,3813296,77.4
1993,Louisiana,22,2882,4319122,66.7
1993,Maine,23,875,1242424,70.4
1993,Maryland,24,2795,4972392,56.2
1993,Massachusetts,25,3616,6061991,59.7
1993,Michigan,26,5566,9542498,58.3
1993,Minnesota,27,2048,4556938,44.9
1993,Mississippi,28,1677,2656371,63.1
1993,Missouri,29,3631,5273201,68.9
1993,Montana,30,448,844978,53.0
1993,Nebraska,31,869,1626390,53.4
1993,Nevada,32,871,1411562,61.7
1993,New Hampshire,33,672,1129567,59.5
1993,New Jersey,34,4777,7950885,60.1
1993,New Mexico,35,599,1636911,36.6
1993,New York,36,9859,18382546,53.6
1993,North Carolina,37,4314,7045119,61.2
1993,North Dakota,38,282,641483,44.0
1993,Ohio,39,7302,11103679,65.8
1993,Oklahoma,40,2233,3253331,68.6
1993,Oregon,41,1952,3061333,63.8
1993,Pennsylvania,42,8032,12123137,66.3
1993,Rhode Island,44,677,1014973,66.7
1993,South Carolina,45,2102,3664533,57.4
1993,South Dakota,46,372,722507,51.5
1993,Tennessee,47,3476,5139306,67.6
1993,Texas,48,9149,18170320,50.4
1993,Utah,49,386,1898909,20.3
1993,Vermont,50,296,577924,51.2
1993,Virginia,51,3554,6512324,54.6
1993,Washington,53,2865,5280598,54.3
1993,West Virginia,54,1549,1817927,85.2
1993,Wisconsin,55,2540,5088947,49.9
1993,Wyoming,56,224,473228,47.3
1994,Alabama,1,2691,4262457,63.1
1994,Alaska,2,178,603918,29.5
1994,Arizona,4,2238,4247728,52.7
1994,Arkansas,5,1974,2494910,79.1
1994,California,6,13765,31505058,43.7
1994,Colorado,8,1334,3725509,35.8
1994,Connecticut,9,1855,3316918,55.9
1994,Delaware,10,522,717867,72.7
1994,District of Columbia,11,391,591238,66.1
1994,Florida,12,10903,14244848,76.5
1994,Georgia,13,3730,7161196,52.1
1994,Hawaii,15,449,1188875,37.8
1994,Idaho,16,463,1145272,40.4
1994,Illinois,17,6934,11919512,58.2
1994,Indiana,18,3618,5794799,62.4
1994,Iowa,19,1778,2851451,62.4
1994,Kansas,20,1480,2581640,57.3
1994,Kentucky,21,3070,3850039,79.7
1994,Louisiana,22,2694,4349878,61.9
1994,Maine,23,830,1242842,66.8
1994,Maryland,24,2819,5023845,56.1
1994,Massachusetts,25,3624,6096823,59.4
1994,Michigan,26,5419,9601374,56.4
1994,Minnesota,27,2050,4611776,44.5
1994,Mississippi,28,1655,2690511,61.5
1994,Missouri,29,3595,5326464,67.5
1994,Montana,30,455,861438,52.8
1994,Nebraska,31,884,1639753,53.9
1994,Nevada,32,921,1499740,61.4
1994,New Hampshire,33,618,1142653,54.1
1994,New Jersey,34,4614,8017412,57.5
1994,New Mexico,35,627,1683067,37.3
1994,New York,36,9945,18469421,53.8
1994,North Carolina,37,4495,7190261,62.5
1994,North Dakota,38,316,645004,49.0
1994,Ohio,39,7220,11154945,64.7
1994,Oklahoma,40,2204,3282213,67.1
1994,Oregon,41,1888,3121913,60.5
1994,Pennsylvania,42,8082,12170062,66.4
1994,Rhode Island,44,669,1015892,65.9
1994,South Carolina,45,2125,3706500,57.3
1994,South Dakota,46,383,731147,52.4
1994,Tennessee,47,3667,5233322,70.1
1994,Texas,48,9001,18572123,48.5
1994,Utah,49,312,1961072,15.9
1994,Vermont,50,321,584098,55.0
1994,Virginia,51,3690,6597000,55.9
1994,Washington,53,2758,5376439,51.3
1994,West Virginia,54,1542,1820782,84.7
1994,Wisconsin,55,2472,5138097,48.1
1994,Wyoming,56,214,480373,44.5
1995,Alabama,1,2709,4298981,63.0
1995,Alaska,2,175,605068,28.9
1995,Arizona,4,2268,4433841,51.2
1995,Arkansas,5,2013,2535835,79.4
1995,California,6,13735,31719735,43.3
1995,Colorado,8,1282,3827609,33.5
1995,Connecticut,9,1836,3324324,55.2
1995,Delaware,10,487,730099,66.7
1995,District of Columbia,11,358,582247,61.5
1995,Florida,12,11237,14544358,77.3
1995,Georgia,13,3891,7333169,53.1
1995,Hawaii,15,463,1198027,38.6
1995,Idaho,16,482,1177589,40.9
1995,Illinois,17,6969,12014530,58.0
1995,Indiana,18,3816,5852819,65.2
1995,Iowa,19,1730,2868091,60.3
1995,Kansas,20,1427,2602226,54.8
1995,Kentucky,21,3033,3887959,78.0
1995,Louisiana,22,2713,4380949,61.9
1995,Maine,23,917,1243566,73.7
1995,Maryland,24,2884,5070237,56.9
1995,Massachusetts,25,3709,6141664,60.4
1995,Michigan,26,5577,9678159,57.6
1995,Minnesota,27,2074,4661111,44.5
1995,Mississippi,28,1712,2724100,62.8
1995,Missouri,29,3722,5379909,69.2
1995,Montana,30,466,876886,53.1
1995,Nebraska,31,853,1657690,51.5
1995,Nevada,32,929,1581963,58.7
1995,New Hampshire,33,650,1157515,56.2
1995,New Jersey,34,4703,8085139,58.2
1995,New Mexico,35,623,1720613,36.2
1995,New York,36,9853,18534018,53.2
1995,North Carolina,37,4321,7347430,58.8
1995,North Dakota,38,345,648019,53.2
1995,Ohio,39,7372,11205299,65.8
1995,Oklahoma,40,2289,3309855,69.2
1995,Oregon,41,1911,3185037,60.0
1995,Pennsylvania,42,8175,12201314,67.0
1995,Rhode Island,44,699,1016502,68.8
1995,South Carolina,45,2104,3749504,56.1
1995,South Dakota,46,380,738375,51.5
1995,Tennessee,47,3647,5328891,68.4
1995,Texas,48,9201,18967400,48.5
1995,Utah,49,341,2014719,16.9
1995,Vermont,50,291,588979,49.4
1995,Virginia,51,3706,6673422,55.5
1995,Washington,53,2826,5482492,51.5
1995,West Virginia,54,1506,1823956,82.6
1995,Wisconsin,55,2554,5190188,49.2
1995,Wyoming,56,236,485188,48.6
1996,Alabama,1,2777,4334219,64.1
1996,Alaska,2,182,609231,29.9
1996,Arizona,4,2352,4589841,51.2
1996,Arkansas,5,1920,2573244,74.6
1996,California,6,13601,32046821,42.4
1996,Colorado,8,1350,3921395,34.4
1996,Connecticut,9,1892,3337947,56.7
1996,Delaware,10,513,741330,69.2
1996,District of Columbia,11,314,573994,54.7
1996,Florida,12,11289,14860585,76.0
1996,Georgia,13,3696,7506543,49.2
1996,Hawaii,15,465,1205599,38.6
1996,Idaho,16,489,1203432,40.6
1996,Illinois,17,6883,12109540,56.8
1996,Indiana,18,3744,5908417,63.4
1996,Iowa,19,1750,2880950,60.7
1996,Kansas,20,1487,2615563,56.9
1996,Kentucky,21,3084,3920721,78.7
1996,Louisiana,22,2744,4401947,62.3
1996,Maine,23,887,1249196,71.0
1996,Maryland,24,2969,5113159,58.1
1996,Massachusetts,25,3692,6180890,59.7
1996,Michigan,26,5658,9761416,58.0
1996,Minnesota,27,2122,4713977,45.0
1996,Mississippi,28,1750,2749883,63.6
1996,Missouri,29,3652,5434012,67.2
1996,Montana,30,486,886342,54.8
1996,Nebraska,31,875,1674423,52.3
1996,Nevada,32,1015,1666989,60.9
1996,New Hampshire,33,642,1174827,54.6
1996,New Jersey,34,4788,8153445,58.7
1996,New Mexico,35,592,1753127,33.8
1996,New York,36,9719,18601063,52.2
1996,North Carolina,37,4670,7505290,62.2
1996,North Dakota,38,320,650563,49.2
1996,Ohio,39,7331,11244913,65.2
1996,Oklahoma,40,2241,3341657,67.1
1996,Oregon,41,1943,3248377,59.8
1996,Pennsylvania,42,8159,12225148,66.7
1996,Rhode Island,44,715,1020486,70.1
1996,South Carolina,45,2221,3797265,58.5
1996,South Dakota,46,423,742683,57.0
1996,Tennessee,47,3730,5419660,68.8
1996,Texas,48,9357,19352289,48.4
1996,Utah,49,377,2069474,18.2
1996,Vermont,50,316,593894,53.2
1996,Virginia,51,3706,6754598,54.9
1996,Washington,53,2862,5572322,51.4
1996,West Virginia,54,1473,1823203,80.8
1996,Wisconsin,55,2594,5236721,49.5
1996,Wyoming,56,198,488168,40.6
1997,Alabama,1,2891,4370490,66.1
1997,Alaska,2,194,613530,31.6
1997,Arizona,4,2413,4739994,50.9
1997,Arkansas,5,1996,2602253,76.7
1997,California,6,13815,32514514,42.5
1997,Colorado,8,1324,4018882,32.9
1997,Connecticut,9,1875,3349822,56.0
1997,Delaware,10,488,751824,64.9
1997,District of Columbia,11,348,569116,61.1
1997,Florida,12,11575,15194344,76.2
1997,Georgia,13,3917,7691435,50.9
1997,Hawaii,15,485,1213103,40.0
1997,Idaho,16,516,1228543,42.0
1997,Illinois,17,6685,12192249,54.8
1997,Indiana,18,3738,5956292,62.8
1997,Iowa,19,1737,2891288,60.1
1997,Kansas,20,1539,2636018,58.4
1997,Kentucky,21,3088,3953242,78.1
1997,Louisiana,22,2812,4424355,63.6
1997,Maine,23,863,1254858,68.8
1997,Maryland,24,2852,5156659,55.3
1997,Massachusetts,25,3630,6227915,58.3
1997,Michigan,26,5585,9811768,56.9
1997,Minnesota,27,2130,4764459,44.7
1997,Mississippi,28,1843,2778557,66.3
1997,Missouri,29,3704,5483268,67.6
1997,Montana,30,475,890120,53.4
1997,Nebraska,31,882,1686860,52.3
1997,Nevada,32,1035,1764495,58.7
1997,New Hampshire,33,653,1189380,54.9
1997,New Jersey,34,4725,8222708,57.5
1997,New Mexico,35,703,1775156,39.6
1997,New York,36,9520,18668538,51.0
1997,North Carolina,37,4643,7660857,60.6
1997,North Dakota,38,315,649952,48.5
1997,Ohio,39,7200,11279094,63.8
1997,Oklahoma,40,2364,3374534,70.1
1997,Oregon,41,2024,3304834,61.2
1997,Pennsylvania,42,8223,12229931,67.2
1997,Rhode Island,44,731,1024948,71.3
1997,South Carolina,45,2286,3860744,59.2
1997,South Dakota,46,387,744434,52.0
1997,Tennessee,47,3812,5501676,69.3
1997,Texas,48,9454,19752039,47.9
1997,Utah,49,348,2120359,16.4
1997,Vermont,50,347,597414,58.1
1997,Virginia,51,3827,6831731,56.0
1997,Washington,53,2843,5675818,50.1
1997,West Virginia,54,1572,1819689,86.4
1997,Wisconsin,55,2690,5272971,51.0
1997,Wyoming,56,208,489618,42.5
1998,Alabama,1,2910,4408398,66.0
1998,Alaska,2,197,620503,31.7
1998,Arizona,4,2369,4886250,48.5
1998,Arkansas,5,1985,2627564,75.5
1998,California,6,13562,33021362,41.1
1998,Colorado,8,1413,4118190,34.3
1998,Connecticut,9,1865,3366615,55.4
1998,Delaware,10,487,763841,63.8
1998,District of Columbia,11,340,566630,60.0
1998,Florida,12,11465,15496518,74.0
1998,Georgia,13,3978,7870311,50.5
1998,Hawaii,15,545,1217209,44.8
1998,Idaho,16,543,1252682,43.3
1998,Illinois,17,6779,12281911,55.2
1998,Indiana,18,3897,6001025,64.9
1998,Iowa,19,1710,2903589,58.9
1998,Kansas,20,1464,2661727,55.0
1998,Kentucky,21,3083,3987167,77.3
1998,Louisiana,22,2818,4443537,63.4
1998,Maine,23,858,1259375,68.1
1998,Maryland,24,2969,5205894,57.0
1998,Massachusetts,25,3703,6275021,59.0
1998,Michigan,26,5541,9851606,56.2
1998,Minnesota,27,2178,4815103,45.2
1998,Mississippi,28,1893,2807091,67.4
1998,Missouri,29,3849,5524750,69.7
1998,Montana,30,528,892677,59.1
1998,Nebraska,31,873,1696464,51.5
1998,Nevada,32,1129,1854096,60.9
1998,New Hampshire,33,691,1206114,57.3
1998,New Jersey,34,4822,8293003,58.1
1998,New Mexico,35,638,1794370,35.6
1998,New York,36,9574,18772357,51.0
1998,North Carolina,37,4699,7814558,60.1
1998,North Dakota,38,323,647619,49.9
1998,Ohio,39,7397,11315474,65.4
1998,Oklahoma,40,2353,3407252,69.1
1998,Oregon,41,2048,3354163,61.1
1998,Pennsylvania,42,8240,12250692,67.3
1998,Rhode Island,44,694,1031343,67.3
1998,South Carolina,45,2259,3920791,57.6
1998,South Dakota,46,376,746501,50.4
1998,Tennessee,47,3848,5573935,69.0
1998,Texas,48,9523,20171768,47.2
1998,Utah,49,395,2167719,18.2
1998,Vermont,50,337,600704,56.1
1998,Virginia,51,3795,6905016,55.0
1998,Washington,53,3018,5771447,52.3
1998,West Virginia,54,1572,1816386,86.5
1998,Wisconsin,55,2803,5303586,52.9
1998,Wyoming,56,225,490944,45.8
1999,Alabama,1,2852,4430141,64.4
1999,Alaska,2,179,624779,28.7
1999,Arizona,4,2513,5023823,50.0
1999,Arkansas,5,1952,2651860,73.6
1999,California,6,13742,33499204,41.0
1999,Colorado,8,1368,4226018,32.4
1999,Connecticut,9,1788,3386401,52.8
1999,Delaware,10,539,774990,69.5
1999,District of Columbia,11,299,570213,52.4
1999,Florida,12,11483,15759421,72.9
1999,Georgia,13,3935,8045965,48.9
1999,Hawaii,15,454,1210300,37.5
1999,Idaho,16,497,1275674,39.0
1999,Illinois,17,6713,12359020,54.3
1999,Indiana,18,3897,6044969,64.5
1999,Iowa,19,1675,2917634,57.4
1999,Kansas,20,1470,2678338,54.9
1999,Kentucky,21,2969,4018053,73.9
1999,Louisiana,22,2690,4460811,60.3
1999,Maine,23,822,1266808,64.9
1999,Maryland,24,2847,5254509,54.2
1999,Massachusetts,25,3593,6317345,56.9
1999,Michigan,26,5438,9897116,54.9
1999,Minnesota,27,2205,4873481,45.2
1999,Mississippi,28,1906,2828408,67.4
1999,Missouri,29,3620,5561948,65.1
1999,Montana,30,507,897507,56.5
1999,Nebraska,31,909,1704764,53.3
1999,Nevada,32,1131,1934718,58.5
1999,New Hampshire,33,665,1222014,54.4
1999,New Jersey,34,4603,8359592,55.1
1999,New Mexico,35,627,1808082,34.7
1999,New York,36,9550,18882725,50.6
1999,North Carolina,37,4684,7949361,58.9
1999,North Dakota,38,298,644259,46.3
1999,Ohio,39,7172,11335454,63.3
1999,Oklahoma,40,2221,3437147,64.6
1999,Oregon,41,1887,3393941,55.6
1999,Pennsylvania,42,7918,12263805,64.6
1999,Rhode Island,44,698,1040402,67.1
1999,South Carolina,45,2337,3974682,58.8
1999,South Dakota,46,404,750412,53.8
1999,Tennessee,47,3790,5638706,67.2
1999,Texas,48,9186,20558220,44.7
1999,Utah,49,402,2203482,18.2
1999,Vermont,50,338,604683,55.9
1999,Virginia,51,3777,7000174,54.0
1999,Washington,53,3055,5842564,52.3
1999,West Virginia,54,1569,1811799,86.6
1999,Wisconsin,55,2649,5332666,49.7
1999,Wyoming,56,240,491780,48.8
2000,Alabama,1,2964,4447100,66.7
2000,Alaska,2,203,626932,32.4
2000,Arizona,4,2520,5130632,49.1
2000,Arkansas,5,1988,2673400,74.4
2000,California,6,13692,33871648,40.4
2000,Colorado,8,1432,4301261,33.3
2000,Connecticut,9,1867,3405565,54.8
2000,Delaware,10,478,783600,61.0
2000,District of Columbia,11,319,572059,55.8
2000,Florida,12,11742,15982378,73.5
2000,Georgia,13,4166,8186453,50.9
2000,Hawaii,15,448,1211537,37.0
2000,Idaho,16,533,1293953,41.2
2000,Illinois,17,6828,12419293,55.0
2000,Indiana,18,3936,6080485,64.7
2000,Iowa,19,1733,2926324,59.2
2000,Kansas,20,1458,2688418,54.2
2000,Kentucky,21,3255,4041769,80.5
2000,Louisiana,22,2815,4468976,63.0
2000,Maine,23,896,1274923,70.3
2000,Maryland,24,2926,5296486,55.2
2000,Massachusetts,25,3762,6349097,59.3
2000,Michigan,26,5548,9938444,55.8
2000,Minnesota,27,2197,4919479,44.7
2000,Mississippi,28,1930,2844658,67.8
2000,Missouri,29,3739,5595211,66.8
2000,Montana,30,485,902195,53.8
2000,Nebraska,31,861,1711263,50.3
2000,Nevada,32,1185,1998257,59.3
2000,New Hampshire,33,659,1235786,53.3
2000,New Jersey,34,4682,8414350,55.6
2000,New Mexico,35,660,1819046,36.3
2000,New York,36,9565,18976457,50.4
2000,North Carolina,37,4874,8049313,60.6
2000,North Dakota,38,315,642200,49.1
2000,Ohio,39,7258,11353140,63.9
2000,Oklahoma,40,2321,3450654,67.3
2000,Oregon,41,2055,3421399,60.1
2000,Pennsylvania,42,8057,12281054,65.6
2000,Rhode Island,44,681,1048319,65.0
2000,South Carolina,45,2419,4012012,60.3
2000,South Dakota,46,389,754844,51.5
2000,Tennessee,47,3939,5689283,69.2
2000,Texas,48,9470,20851820,45.4
2000,Utah,49,407,2233169,18.2
2000,Vermont,50,334,608827,54.9
2000,Virginia,51,3853,7078515,54.4
2000,Washington,53,3113,5894121,52.8
2000,West Virginia,54,1582,1808344,87.5
2000,Wisconsin,55,2660,5363675,49.6
2000,Wyoming,56,232,493782,47.0
2001,Alabama,1,2912,4467634,65.2
2001,Alaska,2,197,633714,31.1
2001,Arizona,4,2441,5273477,46.3
2001,Arkansas,5,2004,2691571,74.5
2001,California,6,13992,34479458,40.6
2001,Colorado,8,1483,4425687,33.5
2001,Connecticut,9,1846,3432835,53.8
2001,Delaware,10,521,795699,65.5
2001,District of Columbia,11,314,574504,54.7
2001,Florida,12,11793,16356966,72.1
2001,Georgia,13,4191,8377038,50.0
2001,Hawaii,15,475,1225948,38.7
2001,Idaho,16,537,1319962,40.7
2001,Illinois,17,6793,12488445,54.4
2001,Indiana,18,3935,6127760,64.2
2001,Iowa,19,1712,2931997,58.4
2001,Kansas,20,1555,2702162,57.5
2001,Kentucky,21,3340,4068132,82.1
2001,Louisiana,22,2890,4477875,64.5
2001,Maine,23,860,1285692,66.9
2001,Maryland,24,2889,5374691,53.8
2001,Massachusetts,25,3693,6397634,57.7
2001,Michigan,26,5642,9991120,56.5
2001,Minnesota,27,2270,4982796,45.6
2001,Mississippi,28,1904,2852994,66.7
2001,Missouri,29,3755,5641142,66.6
2001,Montana,30,577,906961,63.6
2001,Nebraska,31,945,1719836,54.9
2001,Nevada,32,1201,2098399,57.2
2001,New Hampshire,33,648,1255517,51.6
2001,New Jersey,34,4698,8492671,55.3
2001,New Mexico,35,657,1831690,35.9
2001,New York,36,9517,19082838,49.9
2001,North Carolina,37,4901,8210122,59.7
2001,North Dakota,38,348,639062,54.5
2001,Ohio,39,7186,11387404,63.1
2001,Oklahoma,40,2317,3467100,66.8
2001,Oregon,41,1955,3467937,56.4
2001,Pennsylvania,42,8038,12298970,65.4
2001,Rhode Island,44,648,1057142,61.3
2001,South Carolina,45,2540,4064995,62.5
2001,South Dakota,46,411,757972,54.2
2001,Tennessee,47,3988,5750789,69.3
2001,Texas,48,9395,21319622,44.1
2001,Utah,49,371,2283715,16.2
2001,Vermont,50,345,612223,56.4
2001,Virginia,51,3764,7198362,52.3
2001,Washington,53,3049,5985722,50.9
2001,West Virginia,54,1555,1801481,86.3
2001,Wisconsin,55,2743,5406835,50.7
2001,Wyoming,56,232,494657,46.9
2002,Alabama,1,2989,4480089,66.7
2002,Alaska,2,198,642337,30.8
2002,Arizona,4,2620,5396255,48.6
2002,Arkansas,5,2131,2705927,78.8
2002,California,6,13789,34871843,39.5
2002,Colorado,8,1548,4490406,34.5
2002,Connecticut,9,1847,3458749,53.4
2002,Delaware,10,473,806169,58.7
2002,District of Columbia,11,326,573158,56.9
2002,Florida,12,11847,16689370,71.0
2002,Georgia,13,4186,8508256,49.2
2002,Hawaii,15,424,1239613,34.2
2002,Idaho,16,531,1340372,39.6
2002,Illinois,17,6847,12525556,54.7
2002,Indiana,18,3968,6155967,64.5
2002,Iowa,19,1732,2934234,59.0
2002,Kansas,20,1479,2713535,54.5
2002,Kentucky,21,3347,4089875,81.8
2002,Louisiana,22,2837,4497267,63.1
2002,Maine,23,948,1295960,73.2
2002,Maryland,24,2967,5440389,54.5
2002,Massachusetts,25,3762,6417206,58.6
2002,Michigan,26,5713,10015710,57.0
2002,Minnesota,27,2326,5018935,46.3
2002,Mississippi,28,1900,2858681,66.5
2002,Missouri,29,3792,5674825,66.8
2002,Montana,30,531,911667,58.2
2002,Nebraska,31,889,1728292,51.4
2002,Nevada,32,1154,2173791,53.1
2002,New Hampshire,33,702,1269089,55.3
2002,New Jersey,34,4558,8552643,53.3
2002,New Mexico,35,699,1855309,37.7
2002,New York,36,9615,19137800,50.2
2002,North Carolina,37,4868,8326201,58.5
2002,North Dakota,38,304,638168,47.6
2002,Ohio,39,7490,11407889,65.7
2002,Oklahoma,40,2397,3489080,68.7
2002,Oregon,41,2057,3513424,58.5
2002,Pennsylvania,42,8096,12331031,65.7
2002,Rhode Island,44,695,1065995,65.2
2002,South Carolina,45,2483,4107795,60.4
2002,South Dakota,46,399,760020,52.5
2002,Tennessee,47,4080,5795918,70.4
2002,Texas,48,9797,21690325,45.2
2002,Utah,49,400,2324815,17.2
2002,Vermont,50,318,615442,51.7
2002,Virginia,51,3920,7286873,53.8
2002,Washington,53,3084,6052349,51.0
2002,West Virginia,54,1522,1805414,84.3
2002,Wisconsin,55,2803,5445162,51.5
2002,Wyoming,56,242,500017,48.4
2003,Alabama,1,3107,4503491,69.0
2003,Alaska,2,214,648414,33.0
2003,Arizona,4,2719,5510364,49.3
2003,Arkansas,5,2018,2724816,74.1
2003,California,6,13640,35253159,38.7
2003,Colorado,8,1545,4528732,34.1
2003,Connecticut,9,1889,3484336,54.2
2003,Delaware,10,539,818003,65.9
2003,District of Columbia,11,284,568502,50.0
2003,Florida,12,11915,17004085,70.1
2003,Georgia,13,4261,8622793,49.4
2003,Hawaii,15,508,1251154,40.6
2003,Idaho,16,590,1363380,43.3
2003,Illinois,17,6854,12556006,54.6
2003,Indiana,18,4074,6196638,65.7
2003,Iowa,19,1765,2941999,60.0
2003,Kansas,20,1515,2723004,55.6
2003,Kentucky,21,3330,4117170,80.9
2003,Louisiana,22,2856,4521042,63.2
2003,Maine,23,951,1306513,72.8
2003,Maryland,24,3015,5496269,54.9
2003,Massachusetts,25,3760,6422565,58.5
2003,Michigan,26,5711,10041152,56.9
2003,Minnesota,27,2283,5053572,45.2
2003,Mississippi,28,1897,2868312,66.1
2003,Missouri,29,3787,5709403,66.3
2003,Montana,30,535,919630,58.2
2003,Nebraska,31,877,1738643,50.4
2003,Nevada,32,1324,2248850,58.9
2003,New Hampshire,33,679,1279840,53.1
2003,New Jersey,34,4648,8601402,54.0
2003,New Mexico,35,725,1877574,38.6
2003,New York,36,9453,19175939,49.3
2003,North Carolina,37,4848,8422501,57.6
2003,North Dakota,38,316,638817,49.5
2003,Ohio,39,7411,11434788,64.8
2003,Oklahoma,40,2312,3504892,66.0
2003,Oregon,41,2062,3547376,58.1
2003,Pennsylvania,42,7949,12374658,64.2
2003,Rhode Island,44,644,1071342,60.1
2003,South Carolina,45,2625,4150297,63.2
2003,South Dakota,46,405,763729,53.0
2003,Tennessee,47,4045,5847812,69.2
2003,Texas,48,9725,22030931,44.1
2003,Utah,49,412,2360137,17.5
2003,Vermont,50,320,617858,51.8
2003,Virginia,51,4024,7366977,54.6
2003,Washington,53,3188,6104115,52.2
2003,West Virginia,54,1468,1812295,81.0
2003,Wisconsin,55,2725,5479203,49.7
2003,Wyoming,56,245,503453,48.7
2004,Alabama,1,3051,4530729,67.3
2004,Alaska,2,229,659286,34.7
2004,Arizona,4,2687,5652404,47.5
2004,Arkansas,5,2100,2749686,76.4
2004,California,6,13399,35574576,37.7
2004,Colorado,8,1501,4575013,32.8
2004,Connecticut,9,1927,3496094,55.1
2004,Delaware,10,583,830803,70.2
2004,District of Columbia,11,283,567754,49.8
2004,Florida,12,12065,17415318,69.3
2004,Georgia,13,4313,8769252,49.2
2004,Hawaii,15,523,1273569,41.1
2004,Idaho,16,535,1391802,38.4
2004,Illinois,17,6804,12589773,54.0
2004,Indiana,18,3825,6233007,61.4
2004,Iowa,19,1823,2953635,61.7
2004,Kansas,20,1544,2734373,56.5
2004,Kentucky,21,3314,4146101,79.9
2004,Louisiana,22,2916,4552238,64.1
2004,Maine,23,951,1313688,72.4
2004,Maryland,24,2845,5546935,51.3
2004,Massachusetts,25,3612,6412281,56.3
2004,Michigan,26,5824,10055315,57.9
2004,Minnesota,27,2355,5087713,46.3
2004,Mississippi,28,1969,2889010,68.2
2004,Missouri,29,4034,5747741,70.2
2004,Montana,30,503,930009,54.1
2004,Nebraska,31,877,1749370,50.1
2004,Nevada,32,1239,2346222,52.8
2004,New Hampshire,33,731,1290121,56.7
2004,New Jersey,34,4487,8634561,52.0
2004,New Mexico,35,677,1903808,35.6
2004,New York,36,9384,19171567,48.9
2004,North Carolina,37,5033,8553152,58.8
2004,North Dakota,38,358,644705,55.5
2004,Ohio,39,7427,11452251,64.9
2004,Oklahoma,40,2359,3525233,66.9
2004,Oregon,41,2067,3569463,57.9
2004,Pennsylvania,42,7973,12410722,64.2
2004,Rhode Island,44,669,1074579,62.3
2004,South Carolina,45,2503,4210921,59.4
2004,South Dakota,46,424,770396,55.0
2004,Tennessee,47,4170,5910809,70.5
2004,Texas,48,9697,22394023,43.3
2004,Utah,49,454,2401580,18.9
2004,Vermont,50,327,619920,52.7
2004,Virginia,51,3993,7475575,53.4
2004,Washington,53,3066,6178645,49.6
2004,West Virginia,54,1469,1816438,80.9
2004,Wisconsin,55,2905,5514026,52.7
2004,Wyoming,56,205,509106,40.3
2005,Alabama,1,3146,4569805,68.8
2005,Alaska,2,216,666946,32.4
2005,Arizona,4,2648,5839077,45.3
2005,Arkansas,5,2176,2781097,78.2
2005,California,6,13347,35827943,37.3
2005,Colorado,8,1528,4631888,33.0
2005,Connecticut,9,1830,3506956,52.2
2005,Delaware,10,568,845150,67.2
2005,District of Columbia,11,289,567136,51.0
2005,Florida,12,12104,17842038,67.8
2005,Georgia,13,4366,8925922,48.9
2005,Hawaii,15,572,1292729,44.2
2005,Idaho,16,612,1428241,42.8
2005,Illinois,17,6613,12609903,52.4
2005,Indiana,18,4021,6278616,64.0
2005,Iowa,19,1853,2964454,62.5
2005,Kansas,20,1642,2745299,59.8
2005,Kentucky,21,3390,4182742,81.0
2005,Louisiana,22,2847,4576628,62.2
2005,Maine,23,946,1318787,71.7
2005,Maryland,24,2989,5592379,53.4
2005,Massachusetts,25,3638,6403290,56.8
2005,Michigan,26,5795,10051137,57.7
2005,Minnesota,27,2282,5119598,44.6
2005,Mississippi,28,1887,2905943,64.9
2005,Missouri,29,3887,5790300,67.1
2005,Montana,30,550,940102,58.5
2005,Nebraska,31,905,1761497,51.4
2005,Nevada,32,1290,2432143,53.0
2005,New Hampshire,33,733,1298492,56.5
2005,New Jersey,34,4452,8651974,51.5
2005,New Mexico,35,705,1932274,36.5
2005,New York,36,9308,19132610,48.6
2005,North Carolina,37,5258,8705407,60.4
2005,North Dakota,38,310,646089,48.0
2005,Ohio,39,7388,11463320,64.4
2005,Oklahoma,40,2375,3548597,66.9
2005,Oregon,41,2105,3613202,58.3
2005,Pennsylvania,42,8155,12449990,65.5
2005,Rhode Island,44,610,1067916,57.1
2005,South Carolina,45,2712,4270150,63.5
2005,South Dakota,46,469,775493,60.5
2005,Tennessee,47,4370,5991057,72.9
2005,Texas,48,9684,22778123,42.5
2005,Utah,49,433,2457719,17.6
2005,Vermont,50,336,621215,54.1
2005,Virginia,51,4151,7577105,54.8
2005,Washington,53,3127,6257305,50.0
2005,West Virginia,54,1494,1820492,82.1
2005,Wisconsin,55,2857,5546166,51.5
2005,Wyoming,56,251,514157,48.8
2006,Alabama,1,3021,4628981,65.3
2006,Alaska,2,206,675302,30.5
2006,Arizona,4,2741,6029141,45.5
2006,Arkansas,5,2066,2821761,73.2
2006,California,6,13199,36021202,36.6
2006,Colorado,8,1558,4720423,33.0
2006,Connecticut,9,1834,3517460,52.1
2006,Delaware,10,557,859268,64.8
2006,District of Columbia,11,271,570681,47.5
2006,Florida,12,12018,18166990,66.2
2006,Georgia,13,4456,9155813,48.7
2006,Hawaii,15,565,1309731,43.1
2006,Idaho,16,589,1468669,40.1
2006,Illinois,17,6671,12643955,52.8
2006,Indiana,18,4000,6332669,63.2
2006,Iowa,19,1714,2982644,57.5
2006,Kansas,20,1584,2762931,57.3
2006,Kentucky,21,3325,4219239,78.8
2006,Louisiana,22,2654,4302665,61.7
2006,Maine,23,971,1323619,73.4
2006,Maryland,24,2902,5627367,51.6
2006,Massachusetts,25,3722,6410084,58.1
2006,Michigan,26,5817,10036081,58.0
2006,Minnesota,27,2353,5163555,45.6
2006,Mississippi,28,2004,2904978,69.0
2006,Missouri,29,3933,5842704,67.3
2006,Montana,30,521,952692,54.7
2006,Nebraska,31,904,1772693,51.0
2006,Nevada,32,1307,2522658,51.8
2006,New Hampshire,33,709,1308389,54.2
2006,New Jersey,34,4403,8661679,50.8
2006,New Mexico,35,694,1962137,35.4
2006,New York,36,9176,19104631,48.0
2006,North Carolina,37,5373,8917270,60.3
2006,North Dakota,38,353,649422,54.4
2006,Ohio,39,7455,11481213,64.9
2006,Oklahoma,40,2440,3594090,67.9
2006,Oregon,41,2117,3670883,57.7
2006,Pennsylvania,42,7960,12510809,63.6
2006,Rhode Island,44,601,1063096,56.5
2006,South Carolina,45,2712,4357847,62.2
2006,South Dakota,46,437,783033,55.8
2006,Tennessee,47,4370,6088766,71.8
2006,Texas,48,9724,23359580,41.6
2006,Utah,49,445,2525507,17.6
2006,Vermont,50,348,622892,55.9
2006,Virginia,51,4064,7673725,53.0
2006,Washington,53,3083,6370753,48.4
2006,West Virginia,54,1587,1827912,86.8
2006,Wisconsin,55,2852,5577655,51.1
2006,Wyoming,56,234,522667,44.8
2007,Alabama,1,3157,4672840,67.6
2007,Alaska,2,253,680300,37.2
2007,Arizona,4,2616,6167681,42.4
2007,Arkansas,5,2033,2848650,71.4
2007,California,6,13165,36250311,36.3
2007,Colorado,8,1586,4803868,33.0
2007,Connecticut,9,1800,3527270,51.0
2007,Delaware,10,550,871749,63.1
2007,District of Columbia,11,270,574404,47.0
2007,Florida,12,11720,18367842,63.8
2007,Georgia,13,4470,9349988,47.8
2007,Hawaii,15,545,1315675,41.4
2007,Idaho,16,600,1505105,39.9
2007,Illinois,17,6903,12695866,54.4
2007,Indiana,18,4017,6379599,63.0
2007,Iowa,19,1834,2999212,61.1
2007,Kansas,20,1510,2783785,54.2
2007,Kentucky,21,3401,4256672,79.9
2007,Louisiana,22,2628,4375581,60.1
2007,Maine,23,913,1327040,68.8
2007,Maryland,24,2812,5653408,49.7
2007,Massachusetts,25,3609,6431559,56.1
2007,Michigan,26,5914,10001284,59.1
2007,Minnesota,27,2418,5207203,46.4
2007,Mississippi,28,1924,2928350,65.7
2007,Missouri,29,3864,5887612,65.6
2007,Montana,30,567,964706,58.8
2007,Nebraska,31,938,1783440,52.6
2007,Nevada,32,1292,2601072,49.7
2007,New Hampshire,33,747,1312540,56.9
2007,New Jersey,34,4422,8677885,51.0
2007,New Mexico,35,773,1990070,38.8
2007,New York,36,9349,19132335,48.9
2007,North Carolina,37,5349,9118037,58.7
2007,North Dakota,38,302,652822,46.3
2007,Ohio,39,7465,11500468,64.9
2007,Oklahoma,40,2489,3634349,68.5
2007,Oregon,41,2033,3722417,54.6
2007,Pennsylvania,42,7944,12563937,63.2
2007,Rhode Island,44,665,1057315,62.9
2007,South Carolina,45,2698,4444110,60.7
2007,South Dakota,46,424,791623,53.6
2007,Tennessee,47,4343,6175727,70.3
2007,Texas,48,9624,23831983,40.4
2007,Utah,49,437,2597746,16.8
2007,Vermont,50,404,623481,64.8
2007,Virginia,51,4061,7751000,52.4
2007,Washington,53,3179,6461587,49.2
2007,West Virginia,54,1505,1834052,82.1
2007,Wisconsin,55,2915,5610775,52.0
2007,Wyoming,56,249,534876,46.6
2008,Alabama,1,3079,4718206,65.3
2008,Alaska,2,258,687455,37.5
2008,Arizona,4,2669,6280362,42.5
2008,Arkansas,5,2218,2874554,77.2
2008,California,6,13067,36604337,35.7
2008,Colorado,8,1600,4889730,32.7
2008,Connecticut,9,1744,3545579,49.2
2008,Delaware,10,571,883874,64.6
2008,District of Columbia,11,294,580236,50.7
2008,Florida,12,11963,18527305,64.6
2008,Georgia,13,4325,9504843,45.5
2008,Hawaii,15,555,1332213,41.7
2008,Idaho,16,631,1534320,41.1
2008,Illinois,17,6809,12747038,53.4
2008,Indiana,18,4170,6424806,64.9
2008,Iowa,19,1791,3016734,59.4
2008,Kansas,20,1556,2808076,55.4
2008,Kentucky,21,3478,4289878,81.1
2008,Louisiana,22,2707,4435586,61.0
2008,Maine,23,931,1330509,70.0
2008,Maryland,24,2872,5684965,50.5
2008,Massachusetts,25,3552,6468967,54.9
2008,Michigan,26,5898,9946889,59.3
2008,Minnesota,27,2432,5247018,46.4
2008,Mississippi,28,1995,2947806,67.7
2008,Missouri,29,3943,5923916,66.6
2008,Montana,30,541,976415,55.4
2008,Nebraska,31,884,1796378,49.2
2008,Nevada,32,1327,2653630,50.0
2008,New Hampshire,33,684,1315906,52.0
2008,New Jersey,34,4273,8711090,49.1
2008,New Mexico,35,767,2010662,38.1
2008,New York,36,9230,19212436,48.0
2008,North Carolina,37,5369,9309449,57.7
2008,North Dakota,38,338,657569,51.4
2008,Ohio,39,7345,11515391,63.8
2008,Oklahoma,40,2386,3668976,65.0
2008,Oregon,41,2079,3768748,55.2
2008,Pennsylvania,42,7950,12612285,63.0
2008,Rhode Island,44,692,1055003,65.6
2008,South Carolina,45,2759,4528996,60.9
2008,South Dakota,46,444,799124,55.6
2008,Tennessee,47,4296,6247411,68.8
2008,Texas,48,9647,24309039,39.7
2008,Utah,49,371,2663029,13.9
2008,Vermont,50,380,624151,60.9
2008,Virginia,51,3969,7833496,50.7
2008,Washington,53,3150,6562231,48.0
2008,West Virginia,54,1468,1840310,79.8
2008,Wisconsin,55,2912,5640996,51.6
2008,Wyoming,56,223,546043,40.8
2009,Alabama,1,3287,4757938,69.1
2009,Alaska,2,266,698895,38.1
2009,Arizona,4,2725,6343154,43.0
2009,Arkansas,5,2151,2896843,74.3
2009,California,6,13119,36961229,35.5
2009,Colorado,8,1639,4972195,33.0
2009,Connecticut,9,1772,3561807,49.8
2009,Delaware,10,531,891730,59.5
2009,District of Columbia,11,236,592228,39.8
2009,Florida,12,11903,18652644,63.8
2009,Georgia,13,4509,9620846,46.9
2009,Hawaii,15,544,1346717,40.4
2009,Idaho,16,641,1554439,41.2
2009,Illinois,17,6646,12796778,51.9
2009,Indiana,18,4067,6459325,63.0
2009,Iowa,19,1758,3032870,58.0
2009,Kansas,20,1571,2832704,55.5
2009,Kentucky,21,3292,4317074,76.3
2009,Louisiana,22,2704,4491648,60.2
2009,Maine,23,912,1329590,68.6
2009,Maryland,24,2843,5730388,49.6
2009,Massachusetts,25,3574,6517613,54.8
2009,Michigan,26,6006,9901591,60.7
2009,Minnesota,27,2400,5281203,45.4
2009,Mississippi,28,1932,2958774,65.3
2009,Missouri,29,3845,5961088,64.5
2009,Montana,30,477,983982,48.5
2009,Nebraska,31,883,1812683,48.7
2009,Nevada,32,1329,2684665,49.5
2009,New Hampshire,33,747,1316102,56.8
2009,New Jersey,34,4161,8755602,47.5
2009,New Mexico,35,700,2036802,34.4
2009,New York,36,9005,19307066,46.6
2009,North Carolina,37,5395,9449566,57.1
2009,North Dakota,38,309,664968,46.5
2009,Ohio,39,7498,11528896,65.0
2009,Oklahoma,40,2444,3717572,65.7
2009,Oregon,41,2069,3808600,54.3
2009,Pennsylvania,42,7760,12666858,61.3
2009,Rhode Island,44,611,1053646,58.0
2009,South Carolina,45,2778,4589872,60.5
2009,South Dakota,46,386,807067,47.8
2009,Tennessee,47,4390,6306019,69.6
2009,Texas,48,9575,24801761,38.6
2009,Utah,49,424,2723421,15.6
2009,Vermont,50,374,624817,59.9
2009,Virginia,51,4002,7925937,50.5
2009,Washington,53,3212,6667426,48.2
2009,West Virginia,54,1560,1847775,84.4
2009,Wisconsin,55,2884,5669264,50.9
2009,Wyoming,56,240,559851,42.9
2010,Alabama,1,3236,4779736,67.7
2010,Alaska,2,241,710231,33.9
2010,Arizona,4,2722,6392017,42.6
2010,Arkansas,5,2127,2915918,72.9
2010,California,6,12960,37253956,34.8
2010,Colorado,8,1635,5029196,32.5
2010,Connecticut,9,1855,3574097,51.9
2010,Delaware,10,603,897934,67.2
2010,District of Columbia,11,226,601723,37.6
2010,Florida,12,12009,18801310,63.9
2010,Georgia,13,4418,9687653,45.6
2010,Hawaii,15,548,1360301,40.3
2010,Idaho,16,612,1567582,39.0
2010,Illinois,17,6671,12830632,52.0
2010,Indiana,18,4096,6483802,63.2
2010,Iowa,19,1741,3046355,57.2
2010,Kansas,20,1502,2853118,52.6
2010,Kentucky,21,3570,4339367,82.3
2010,Louisiana,22,2724,4533372,60.1
2010,Maine,23,957,1328361,72.0
2010,Maryland,24,2745,5773552,47.5
2010,Massachusetts,25,3552,6547629,54.2
2010,Michigan,26,5913,9883640,59.8
2010,Minnesota,27,2370,5303925,44.7
2010,Mississippi,28,1958,2967297,66.0
2010,Missouri,29,3909,5988927,65.3
2010,Montana,30,478,989415,48.3
2010,Nebraska,31,929,1826341,50.9
2010,Nevada,32,1251,2700551,46.3
2010,New Hampshire,33,695,1316470,52.8
2010,New Jersey,34,4171,8791894,47.4
2010,New Mexico,35,756,2059179,36.7
2010,New York,36,9112,19378102,47.0
2010,North Carolina,37,5514,9535483,57.8
2010,North Dakota,38,298,672591,44.3
2010,Ohio,39,7345,11536504,63.7
2010,Oklahoma,40,2402,3751351,64.0
2010,Oregon,41,2066,3831074,53.9
2010,Pennsylvania,42,7793,12702379,61.4
2010,Rhode Island,44,614,1052567,58.3
2010,South Carolina,45,2723,4625364,58.9
2010,South Dakota,46,433,814180,53.2
2010,Tennessee,47,4415,6346105,69.6
2010,Texas,48,9519,25145561,37.9
2010,Utah,49,459,2763885,16.6
2010,Vermont,50,405,625741,64.7
2010,Virginia,51,3975,8001024,49.7
2010,Washington,53,3236,6724540,48.1
2010,West Virginia,54,1555,1852994,83.9
2010,Wisconsin,55,2971,5686986,52.2
2010,Wyoming,56,234,563626,41.5
2011,Alabama,1,3164,4802740,65.9
2011,Alaska,2,265,722718,36.7
2011,Arizona,4,2665,6482505,41.1
2011,Arkansas,5,2112,2937979,71.9
2011,California,6,12742,37691912,33.8
2011,Colorado,8,1590,5116796,31.1
2011,Connecticut,9,1734,3580709,48.4
2011,Delaware,10,559,907135,61.6
2011,District of Columbia,11,236,617996,38.2
2011,Florida,12,11818,19057542,62.0
2011,Georgia,13,4472,9815210,45.6
2011,Hawaii,15,543,1374810,39.5
2011,Idaho,16,619,1584985,39.1
2011,Illinois,17,6617,12869257,51.4
2011,Indiana,18,3883,6516922,59.6
2011,Iowa,19,1730,3062309,56.5
2011,Kansas,20,1508,2871238,52.5
2011,Kentucky,21,3389,4369356,77.6
2011,Louisiana,22,2707,4574836,59.2
2011,Maine,23,920,1328188,69.3
2011,Maryland,24,2690,5828289,46.2
2011,Massachusetts,25,3414,6587536,51.8
2011,Michigan,26,5868,9876187,59.4
2011,Minnesota,27,2320,5344861,43.4
2011,Mississippi,28,1928,2978512,64.7
2011,Missouri,29,3833,6010688,63.8
2011,Montana,30,584,998199,58.5
2011,Nebraska,31,866,1842641,47.0
2011,Nevada,32,1322,2723322,48.5
2011,New Hampshire,33,798,1318194,60.5
2011,New Jersey,34,4119,8821155,46.7
2011,New Mexico,35,703,2082224,33.8
2011,New York,36,9059,19465197,46.5
2011,North Carolina,37,5535,9656401,57.3
2011,North Dakota,38,331,683932,48.4
2011,Ohio,39,7402,11544951,64.1
2011,Oklahoma,40,2501,3791508,66.0
2011,Oregon,41,2063,3871859,53.3
2011,Pennsylvania,42,7690,12742886,60.3
2011,Rhode Island,44,599,1051302,57.0
2011,South Carolina,45,2783,4679230,59.5
2011,South Dakota,46,457,824082,55.5
2011,Tennessee,47,4321,6403353,67.5
2011,Texas,48,9705,25674681,37.8
2011,Utah,49,440,2817222,15.6
2011,Vermont,50,376,626431,60.0
2011,Virginia,51,4001,8096604,49.4
2011,Washington,53,3130,6830038,45.8
2011,West Virginia,54,1502,1855364,81.0
2011,Wisconsin,55,3118,5711767,54.6
2011,Wyoming,56,226,568158,39.8
2012,Alabama,1,3066,4822023,63.6
2012,Alaska,2,260,731449,35.5
2012,Arizona,4,2803,6553255,42.8
2012,Arkansas,5,2130,2949131,72.2
2012,California,6,12501,38041430,32.9
2012,Colorado,8,1590,5187582,30.7
2012,Connecticut,9,1651,3590347,46.0
2012,Delaware,10,580,917092,63.2
2012,District of Columbia,11,241,632323,38.1
2012,Florida,12,11981,19317568,62.0
2012,Georgia,13,4640,9919945,46.8
2012,Hawaii,15,495,1392313,35.6
2012,Idaho,16,620,1595728,38.9
2012,Illinois,17,6678,12875255,51.9
2012,Indiana,18,3975,6537334,60.8
2012,Iowa,19,1749,3074186,56.9
2012,Kansas,20,1502,2885905,52.0
2012,Kentucky,21,3479,4380415,79.4
2012,Louisiana,22,2740,4601893,59.5
2012,Maine,23,958,1329192,72.1
2012,Maryland,24,2744,5884563,46.6
2012,Massachusetts,25,3458,6646144,52.0
2012,Michigan,26,5847,9883360,59.2
2012,Minnesota,27,2333,5379139,43.4
2012,Mississippi,28,1908,2984926,63.9
2012,Missouri,29,3992,6021988,66.3
2012,Montana,30,495,1005141,49.2
2012,Nebraska,31,905,1855525,48.8
2012,Nevada,32,1313,2758931,47.6
2012,New Hampshire,33,750,1320718,56.8
2012,New Jersey,34,4041,8864590,45.6
2012,New Mexico,35,765,2085538,36.7
2012,New York,36,9206,19570261,47.0
2012,North Carolina,37,5458,9752073,56.0
2012,North Dakota,38,348,699628,49.7
2012,Ohio,39,7525,11544225,65.2
2012,Oklahoma,40,2380,3814820,62.4
2012,Oregon,41,2104,3899353,54.0
2012,Pennsylvania,42,7712,12763536,60.4
2012,Rhode Island,44,628,1050292,59.8
2012,South Carolina,45,2865,4723723,60.7
2012,South Dakota,46,435,833354,52.2
2012,Tennessee,47,4359,6456243,67.5
2012,Texas,48,9665,26059203,37.1
2012,Utah,49,453,2855287,15.9
2012,Vermont,50,345,626011,55.1
2012,Virginia,51,3998,8185867,48.8
2012,Washington,53,3112,6897012,45.1
2012,West Virginia,54,1483,1855413,79.9
2012,Wisconsin,55,2930,5726398,51.2
2012,Wyoming,56,230,576412,39.9
2013,Alabama,1,3164,4833722,65.5
2013,Alaska,2,273,735132,37.1
2013,Arizona,4,2783,6626624,42.0
2013,Arkansas,5,2168,2959373,73.3
2013,California,6,12464,38332521,32.5
2013,Colorado,8,1561,5268367,29.6
2013,Connecticut,9,1667,3596080,46.4
2013,Delaware,10,552,925749,59.6
2013,District of Columbia,11,259,646449,40.1
2013,Florida,12,11915,19552860,60.9
2013,Georgia,13,4594,9992167,46.0
2013,Hawaii,15,556,1404054,39.6
2013,Idaho,16,628,1612136,39.0
2013,Illinois,17,6532,12882135,50.7
2013,Indiana,18,4025,6570902,61.3
2013,Iowa,19,1802,3090416,58.3
2013,Kansas,20,1446,2893957,50.0
2013,Kentucky,21,3559,4395295,81.0
2013,Louisiana,22,2716,4625470,58.7
2013,Maine,23,1025,1328302,77.2
2013,Maryland,24,2673,5928814,45.1
2013,Massachusetts,25,3332,6692824,49.8
2013,Michigan,26,5758,9895622,58.2
2013,Minnesota,27,2391,5420380,44.1
2013,Mississippi,28,1975,2991207,66.0
2013,Missouri,29,4000,6044171,66.2
2013,Montana,30,490,1015165,48.3
2013,Nebraska,31,913,1868516,48.9
2013,Nevada,32,1335,2790136,47.8
2013,New Hampshire,33,691,1323459,52.2
2013,New Jersey,34,4006,8899339,45.0
2013,New Mexico,35,736,2085287,35.3
2013,New York,36,9075,19651127,46.2
2013,North Carolina,37,5510,9848060,56.0
2013,North Dakota,38,344,723393,47.6
2013,Ohio,39,7258,11570808,62.7
2013,Oklahoma,40,2490,3850568,64.7
2013,Oregon,41,2008,3930065,51.1
2013,Pennsylvania,42,7536,12773801,59.0
2013,Rhode Island,44,665,1051511,63.2
2013,South Carolina,45,2833,4774839,59.3
2013,South Dakota,46,415,844877,49.1
2013,Tennessee,47,4315,6495978,66.4
2013,Texas,48,9439,26448193,35.7
2013,Utah,49,437,2900872,15.1
2013,Vermont,50,351,626630,56.0
2013,Virginia,51,3894,8260405,47.1
2013,Washington,53,3020,6971406,43.3
2013,West Virginia,54,1437,1854304,77.5
2013,Wisconsin,55,2932,5742713,51.1
2013,Wyoming,56,230,582658,39.5
2014,Alabama,1,3117,4849377,64.3
2014,Alaska,2,237,736732,32.2
2014,Arizona,4,2707,6731484,40.2
2014,Arkansas,5,2054,2966369,69.2
2014,California,6,12284,38802500,31.7
2014,Colorado,8,1581,5355866,29.5
2014,Connecticut,9,1654,3596677,46.0
2014,Delaware,10,549,935614,58.7
2014,District of Columbia,11,244,658893,37.0
2014,Florida,12,11756,19893297,59.1
2014,Georgia,13,4616,10097343,45.7
2014,Hawaii,15,565,1419561,39.8
2014,Idaho,16,659,1634464,40.3
2014,Illinois,17,6650,12880580,51.6
2014,Indiana,18,4048,6596855,61.4
2014,Iowa,19,1675,3107126,53.9
2014,Kansas,20,1578,2904021,54.3
2014,Kentucky,21,3530,4413457,80.0
2014,Louisiana,22,2686,4649676,57.8
2014,Maine,23,917,1330089,68.9
2014,Maryland,24,2750,5976407,46.0
2014,Massachusetts,25,3302,6745408,49.0
2014,Michigan,26,5942,9909877,60.0
2014,Minnesota,27,2481,5457173,45.5
2014,Mississippi,28,1944,2994079,64.9
2014,Missouri,29,3984,6063589,65.7
2014,Montana,30,559,1023579,54.6
2014,Nebraska,31,886,1881503,47.1
2014,Nevada,32,1408,2839099,49.6
2014,New Hampshire,33,744,1326813,56.1
2014,New Jersey,34,3956,8938175,44.3
2014,New Mexico,35,736,2085572,35.3
2014,New York,36,8564,19746227,43.4
2014,North Carolina,37,5606,9943964,56.4
2014,North Dakota,38,326,739482,44.1
2014,Ohio,39,7156,11594163,61.7
2014,Oklahoma,40,2373,3878051,61.2
2014,Oregon,41,1980,3970239,49.9
2014,Pennsylvania,42,7426,12787209,58.1
2014,Rhode Island,44,631,1055173,59.8
2014,South Carolina,45,2773,4832482,57.4
2014,South Dakota,46,446,853175,52.3
2014,Tennessee,47,4435,6549352,67.7
2014,Texas,48,9558,26956958,35.5
2014,Utah,49,453,2942902,15.4
2014,Vermont,50,397,626562,63.4
2014,Virginia,51,3900,8326289,46.8
2014,Washington,53,3036,7061530,43.0
2014,West Virginia,54,1496,1850326,80.9
2014,Wisconsin,55,2959,5757564,51.4
2014,Wyoming,56,215,584153,36.8
2015,Alabama,1,2980,4858979,61.3
2015,Alaska,2,259,738432,35.1
2015,Arizona,4,2932,6828065,42.9
2015,Arkansas,5,2124,2978204,71.3
2015,California,6,12381,39144818,31.6
2015,Colorado,8,1546,5456574,28.3
2015,Connecticut,9,1568,3590886,43.7
2015,Delaware,10,561,945934,59.3
2015,District of Columbia,11,204,672228,30.3
2015,Florida,12,11931,20271272,58.9
2015,Georgia,13,4448,10214860,43.5
2015,Hawaii,15,589,1431603,41.1
2015,Idaho,16,649,1654930,39.2
2015,Illinois,17,6406,12859995,49.8
2015,Indiana,18,3863,6619680,58.4
2015,Iowa,19,1790,3123899,57.3
2015,Kansas,20,1512,2911641,51.9
2015,Kentucky,21,3461,4425092,78.2
2015,Louisiana,22,2654,4670724,56.8
2015,Maine,23,978,1329328,73.6
2015,Maryland,24,2579,6006401,42.9
2015,Massachusetts,25,3238,6794422,47.7
2015,Michigan,26,5723,9922576,57.7
2015,Minnesota,27,2398,5489594,43.7
2015,Mississippi,28,1910,2992333,63.8
2015,Missouri,29,3870,6083672,63.6
2015,Montana,30,539,1032949,52.2
2015,Nebraska,31,913,1896190,48.1
2015,Nevada,32,1336,2890845,46.2
2015,New Hampshire,33,758,1330608,57.0
2015,New Jersey,34,3779,8958013,42.2
2015,New Mexico,35,744,2085109,35.7
2015,New York,36,8551,19795791,43.2
2015,North Carolina,37,5470,10042802,54.5
2015,North Dakota,38,291,756927,38.4
2015,Ohio,39,7193,11613423,61.9
2015,Oklahoma,40,2459,3911338,62.9
2015,Oregon,41,1958,4028977,48.6
2015,Pennsylvania,42,7411,12802503,57.9
2015,Rhode Island,44,640,1056298,60.6
2015,South Carolina,45,2775,4896146,56.7
2015,South Dakota,46,427,858469,49.7
2015,Tennessee,47,4355,6600299,66.0
2015,Texas,48,9156,27469114,33.3
2015,Utah,49,471,2995919,15.7
2015,Vermont,50,352,626042,56.2
2015,Virginia,51,3900,8382993,46.5
2015,Washington,53,3116,7170351,43.5
2015,West Virginia,54,1492,1844128,80.9
2015,Wisconsin,55,2869,5771337,49.7
2015,Wyoming,56,213,586107,36.3
2016,Alabama,1,3009,4863300,61.9
2016,Alaska,2,230,741894,31.0
2016,Arizona,4,2702,6931071,39.0
2016,Arkansas,5,2006,2988248,67.1
2016,California,6,11739,39250017,29.9
2016,Colorado,8,1590,5540545,28.7
2016,Connecticut,9,1572,3576452,44.0
2016,Delaware,10,556,952065,58.4
2016,District of Columbia,11,186,681170,27.3
2016,Florida,12,11217,20612439,54.4
2016,Georgia,13,4400,10310371,42.7
2016,Hawaii,15,543,1428557,38.0
2016,Idaho,16,579,1683140,34.4
2016,Illinois,17,6242,12801539,48.8
2016,Indiana,18,3861,6633053,58.2
2016,Iowa,19,1668,3134693,53.2
2016,Kansas,20,1364,2907289,46.9
2016,Kentucky,21,3328,4436974,75.0
2016,Louisiana,22,2494,4681666,53.3
2016,Maine,23,914,1331479,68.6
2016,Maryland,24,2639,6016447,43.9
2016,Massachusetts,25,3169,6811779,46.5
2016,Michigan,26,5528,9928300,55.7
2016,Minnesota,27,2329,5519952,42.2
2016,Mississippi,28,1903,2988726,63.7
2016,Missouri,29,3706,6093000,60.8
2016,Montana,30,477,1042520,45.8
2016,Nebraska,31,856,1907116,44.9
2016,Nevada,32,1267,2940058,43.1
2016,New Hampshire,33,798,1334795,59.8
2016,New Jersey,34,3703,8944469,41.4
2016,New Mexico,35,701,2081015,33.7
2016,New York,36,8136,19745289,41.2
2016,North Carolina,37,5573,10146788,54.9
2016,North Dakota,38,304,757952,40.1
2016,Ohio,39,7105,11614373,61.2
2016,Oklahoma,40,2300,3923561,58.6
2016,Oregon,41,1891,4093465,46.2
2016,Pennsylvania,42,7173,12784227,56.1
2016,Rhode Island,44,570,1056426,54.0
2016,South Carolina,45,2704,4961119,54.5
2016,South Dakota,46,420,865454,48.5
2016,Tennessee,47,4337,6651194,65.2
2016,Texas,48,9193,27862596,33.0
2016,Utah,49,468,3051217,15.3
2016,Vermont,50,366,624594,58.6
2016,Virginia,51,3759,8411808,44.7
2016,Washington,53,2911,7288000,39.9
2016,West Virginia,54,1392,1831102,76.0
2016,Wisconsin,55,2788,5778708,48.2
2016,Wyoming,56,204,585501,34.8
2017,Alabama,1,2946,4874747,60.4
2017,Alaska,2,203,739795,27.4
2017,Arizona,4,2768,7016270,39.5
2017,Arkansas,5,1954,3004279,65.0
2017,California,6,11555,39536653,29.2
2017,Colorado,8,1495,5607154,26.7
2017,Connecticut,9,1508,3588184,42.0
2017,Delaware,10,550,961939,57.2
2017,District of Columbia,11,202,693972,29.1
2017,Florida,12,11403,20984400,54.3
2017,Georgia,13,4392,10429379,42.1
2017,Hawaii,15,545,1427538,38.2
2017,Idaho,16,607,1716943,35.4
2017,Illinois,17,6009,12802023,46.9
2017,Indiana,18,3792,6666818,56.9
2017,Iowa,19,1620,3145711,51.5
2017,Kansas,20,1390,2913123,47.7
2017,Kentucky,21,3152,4454189,70.8
2017,Louisiana,22,2559,4684333,54.6
2017,Maine,23,919,1335907,68.8
2017,Maryland,24,2575,6052177,42.5
2017,Massachusetts,25,3074,6859819,44.8
2017,Michigan,26,5502,9962311,55.2
2017,Minnesota,27,2316,5576606,41.5
2017,Mississippi,28,1804,2984100,60.5
2017,Missouri,29,3690,6113532,60.4
2017,Montana,30,465,1050493,44.3
2017,Nebraska,31,815,1920076,42.4
2017,Nevada,32,1312,2998039,43.8
2017,New Hampshire,33,700,1342795,52.1
2017,New Jersey,34,3562,9005644,39.6
2017,New Mexico,35,678,2088070,32.5
2017,New York,36,7821,19849399,39.4
2017,North Carolina,37,5286,10273419,51.5
2017,North Dakota,38,310,755393,41.0
2017,Ohio,39,6796,11658609,58.3
2017,Oklahoma,40,2210,3930864,56.2
2017,Oregon,41,1865,4142776,45.0
2017,Pennsylvania,42,6910,12805537,54.0
2017,Rhode Island,44,556,1059639,52.5
2017,South Carolina,45,2700,5024369,53.7
2017,South Dakota,46,422,869666,48.5
2017,Tennessee,47,4001,6715984,59.6
2017,Texas,48,9109,28304596,32.2
2017,Utah,49,451,3101833,14.5
2017,Vermont,50,356,623657,57.1
2017,Virginia,51,3710,8470020,43.8
2017,Washington,53,2928,7405743,39.5
2017,West Virginia,54,1338,1815857,73.7
2017,Wisconsin,55,2802,5795483,48.3
2017,Wyoming,56,216,579315,37.3
2018,Alabama,1,2939,4887871,60.1
2018,Alaska,2,213,737438,28.9
2018,Arizona,4,2643,7171646,36.9
2018,Arkansas,5,1871,3013825,62.1
2018,California,6,11078,39557045,28.0
2018,Colorado,8,1407,5695564,24.7
2018,Connecticut,9,1465,3572665,41.0
2018,Delaware,10,529,967171,54.7
2018,District of Columbia,11,169,702455,24.1
2018,Florida,12,11288,21299325,53.0
2018,Georgia,13,4405,10519475,41.9
2018,Hawaii,15,517,1420491,36.4
2018,Idaho,16,633,1754208,36.1
2018,Illinois,17,5735,12741080,45.0
2018,Indiana,18,3652,6691878,54.6
2018,Iowa,19,1572,3156145,49.8
2018,Kansas,20,1384,2911505,47.5
2018,Kentucky,21,3065,4468402,68.6
2018,Louisiana,22,2454,4659978,52.7
2018,Maine,23,928,1338404,69.3
2018,Maryland,24,2468,6042718,40.8
2018,Massachusetts,25,2982,6902149,43.2
2018,Michigan,26,5457,9995915,54.6
2018,Minnesota,27,2137,5611179,38.1
2018,Mississippi,28,1838,2986530,61.5
2018,Missouri,29,3559,6126452,58.1
2018,Montana,30,470,1062305,44.2
2018,Nebraska,31,791,1929268,41.0
2018,Nevada,32,1191,3034392,39.3
2018,New Hampshire,33,684,1356458,50.4
2018,New Jersey,34,3488,8908520,39.2
2018,New Mexico,35,631,2095428,30.1
2018,New York,36,7733,19542209,39.6
2018,North Carolina,37,5189,10383620,50.0
2018,North Dakota,38,292,760077,38.4
2018,Ohio,39,6666,11689442,57.0
2018,Oklahoma,40,2274,3943079,57.7
2018,Oregon,41,1810,4190713,43.2
2018,Pennsylvania,42,6778,12807060,52.9
2018,Rhode Island,44,522,1057315,49.4
2018,South Carolina,45,2658,5084127,52.3
2018,South Dakota,46,395,882235,44.8
2018,Tennessee,47,3935,6770010,58.1
2018,Texas,48,8725,28701845,30.4
2018,Utah,49,447,3161105,14.1
2018,Vermont,50,326,626299,52.1
2018,Virginia,51,3657,8517685,42.9
2018,Washington,53,2770,7535591,36.8
2018,West Virginia,54,1361,1805832,75.4
2018,Wisconsin,55,2681,5813568,46.1
2018,Wyoming,56,219,577737,37.9
