Year,State,StateCode,Deaths,Population,CrudeRate
1999,Alabama,1,2852,4430141,64.4
1999,Alaska,2,179,624779,28.7
1999,Arizona,4,2513,5023823,50.0
1999,Arkansas,5,1952,2651860,73.6
1999,California,6,13742,33499204,41.0
1999,Colorado,8,1368,4226018,32.4
1999,Connecticut,9,1788,3386401,52.8
1999,Delaware,10,539,774990,69.5
1999,District of Columbia,11,299,570213,52.4
1999,Florida,12,11483,15759421,72.9
1999,Georgia,13,3935,8045965,48.9
1999,Hawaii,15,454,1210300,37.5
1999,Idaho,16,497,1275674,39.0
1999,Illinois,17,6713,12359020,54.3
1999,Indiana,18,3897,6044969,64.5
1999,Iowa,19,1675,2917634,57.4
1999,Kansas,20,1470,2678338,54.9
1999,Kentucky,21,2969,4018053,73.9
1999,Louisiana,22,2690,4460811,60.3
1999,Maine,23,822,1266808,64.9
1999,Maryland,24,2847,5254509,54.2
1999,Massachusetts,25,3593,6317345,56.9
1999,Michigan,26,5438,9897116,54.9
1999,Minnesota,27,2205,4873481,45.2
1999,Mississippi,28,1906,2828408,67.4
1999,Missouri,29,3620,5561948,65.1
1999,Montana,30,507,897507,56.5
1999,Nebraska,31,909,1704764,53.3
1999,Nevada,32,1131,1934718,58.5
1999,New Hampshire,33,665,1222014,54.4
1999,New Jersey,34,4603,8359592,55.1
1999,New Mexico,35,627,1808082,34.7
1999,New York,36,9550,18882725,50.6
1999,North Carolina,37,4684,7949361,58.9
1999,North Dakota,38,298,644259,46.3
1999,Ohio,39,7172,11335454,63.3
1999,Oklahoma,40,2221,3437147,64.6
1999,Oregon,41,1887,3393941,55.6
1999,Pennsylvania,42,7918,12263805,64.6
1999,Rhode Island,44,698,1040402,67.1
1999,South Carolina,45,2337,3974682,58.8
1999,South Dakota,46,404,750412,53.8
1999,Tennessee,47,3790,5638706,67.2
1999,Texas,48,9186,20558220,44.7
1999,Utah,49,402,2203482,18.2
1999,Vermont,50,338,604683,55.9
1999,Virginia,51,3777,7000174,54.0
1999,Washington,53,3055,5842564,52.3
1999,West Virginia,54,1569,1811799,86.6
1999,Wisconsin,55,2649,5332666,49.7
1999,Wyoming,56,240,491780,48.8
2000,Alabama,1,2964,4447100,66.7
2000,Alaska,2,203,626932,32.4
2000,Arizona,4,2520,5130632,49.1
2000,Arkansas,5,1988,2673400,74.4
2000,California,6,13692,33871648,40.4
2000,Colorado,8,1432,4301261,33.3
2000,Connecticut,9,1867,3405565,54.8
2000,Delaware,10,478,783600,61.0
2000,District of Columbia,11,319,572059,55.8
2000,Florida,12,11742,15982378,73.5
2000,Georgia,13,4166,8186453,50.9
2000,Hawaii,15,448,1211537,37.0
2000,Idaho,16,533,1293953,41.2
2000,Illinois,17,6828,12419293,55.0
2000,Indiana,18,3936,6080485,64.7
2000,Iowa,19,1733,2926324,59.2
2000,Kansas,20,1458,2688418,54.2
2000,Kentucky,21,3255,4041769,80.5
2000,Louisiana,22,2815,4468976,63.0
2000,Maine,23,896,1274923,70.3
2000,Maryland,24,2926,5296486,55.2
2000,Massachusetts,25,3762,6349097,59.3
2000,Michigan,26,5548,9938444,55.8
2000,Minnesota,27,2197,4919479,44.7
2000,Mississippi,28,1930,2844658,67.8
2000,Missouri,29,3739,5595211,66.8
2000,Montana,30,485,902195,53.8
2000,Nebraska,31,861,1711263,50.3
2000,Nevada,32,1185,1998257,59.3
2000,New Hampshire,33,659,1235786,53.3
2000,New Jersey,34,4682,8414350,55.6
2000,New Mexico,35,660,1819046,36.3
2000,New York,36,9565,18976457,50.4
2000,North Carolina,37,4874,8049313,60.6
2000,North Dakota,38,315,642200,49.1
2000,Ohio,39,7258,11353140,63.9
2000,Oklahoma,40,2321,3450654,67.3
2000,Oregon,41,2055,3421399,60.1
2000,Pennsylvania,42,8057,12281054,65.6
2000,Rhode Island,44,681,1048319,65.0
2000,South Carolina,45,2419,4012012,60.3
2000,South Dakota,46,389,754844,51.5
2000,Tennessee,47,3939,5689283,69.2
2000,Texas,48,9470,20851820,45.4
2000,Utah,49,407,2233169,18.2
2000,Vermont,50,334,608827,54.9
2000,Virginia,51,3853,7078515,54.4
2000,Washington,53,3113,5894121,52.8
2000,West Virginia,54,1582,1808344,87.5
2000,Wisconsin,55,2660,5363675,49.6
2000,Wyoming,56,232,493782,47.0
2001,Alabama,1,2912,4467634,65.2
2001,Alaska,2,197,633714,31.1
2001,Arizona,4,2441,5273477,46.3
2001,Arkansas,5,2004,2691571,74.5
2001,California,6,13992,34479458,40.6
2001,Colorado,8,1483,4425687,33.5
2001,Connecticut,9,1846,3432835,53.8
2001,Delaware,10,521,795699,65.5
2001,District of Columbia,11,314,574504,54.7
2001,Florida,12,11793,16356966,72.1
2001,Georgia,13,4191,8377038,50.0
2001,Hawaii,15,475,1225948,38.7
2001,Idaho,16,537,1319962,40.7
2001,Illinois,17,6793,12488445,54.4
2001,Indiana,18,3935,6127760,64.2
2001,Iowa,19,1712,2931997,58.4
2001,Kansas,20,1555,2702162,57.5
2001,Kentucky,21,3340,4068132,82.1
2001,Louisiana,22,2890,4477875,64.5
2001,Maine,23,860,1285692,66.9
2001,Maryland,24,2889,5374691,53.8
2001,Massachusetts,25,3693,6397634,57.7
2001,Michigan,26,5642,9991120,56.5
2001,Minnesota,27,2270,4982796,45.6
2001,Mississippi,28,1904,2852994,66.7
2001,Missouri,29,3755,5641142,66.6
2001,Montana,30,577,906961,63.6
2001,Nebraska,31,945,1719836,54.9
2001,Nevada,32,1201,2098399,57.2
2001,New Hampshire,33,648,1255517,51.6
2001,New Jersey,34,4698,8492671,55.3
2001,New Mexico,35,657,1831690,35.9
2001,New York,36,9517,19082838,49.9
2001,North Carolina,37,4901,8210122,59.7
2001,North Dakota,38,348,639062,54.5
2001,Ohio,39,7186,11387404,63.1
2001,Oklahoma,40,2317,3467100,66.8
2001,Oregon,41,1955,3467937,56.4
2001,Pennsylvania,42,8038,12298970,65.4
2001,Rhode Island,44,648,1057142,61.3
2001,South Carolina,45,2540,4064995,62.5
2001,South Dakota,46,411,757972,54.2
2001,Tennessee,47,3988,5750789,69.3
2001,Texas,48,9395,21319622,44.1
2001,Utah,49,371,2283715,16.2
2001,Vermont,50,345,612223,56.4
2001,Virginia,51,3764,7198362,52.3
2001,Washington,53,3049,5985722,50.9
2001,West Virginia,54,1555,1801481,86.3
2001,Wisconsin,55,2743,5406835,50.7
2001,Wyoming,56,232,494657,46.9
2002,Alabama,1,2989,4480089,66.7
2002,Alaska,2,198,642337,30.8
2002,Arizona,4,2620,5396255,48.6
2002,Arkansas,5,2131,2705927,78.8
2002,California,6,13789,34871843,39.5
2002,Colorado,8,1548,4490406,34.5
2002,Connecticut,9,1847,3458749,53.4
2002,Delaware,10,473,806169,58.7
2002,District of Columbia,11,326,573158,56.9
2002,Florida,12,11847,16689370,71.0
2002,Georgia,13,4186,8508256,49.2
2002,Hawaii,15,424,1239613,34.2
2002,Idaho,16,531,1340372,39.6
2002,Illinois,17,6847,12525556,54.7
2002,Indiana,18,3968,6155967,64.5
2002,Iowa,19,1732,2934234,59.0
2002,Kansas,20,1479,2713535,54.5
2002,Kentucky,21,3347,4089875,81.8
2002,Louisiana,22,2837,4497267,63.1
2002,Maine,23,948,1295960,73.2
2002,Maryland,24,2967,5440389,54.5
2002,Massachusetts,25,3762,6417206,58.6
2002,Michigan,26,5713,10015710,57.0
2002,Minnesota,27,2326,5018935,46.3
2002,Mississippi,28,1900,2858681,66.5
2002,Missouri,29,3792,5674825,66.8
2002,Montana,30,531,911667,58.2
2002,Nebraska,31,889,1728292,51.4
2002,Nevada,32,1154,2173791,53.1
2002,New Hampshire,33,702,1269089,55.3
2002,New Jersey,34,4558,8552643,53.3
2002,New Mexico,35,699,1855309,37.7
2002,New York,36,9615,19137800,50.2
2002,North Carolina,37,4868,8326201,58.5
2002,North Dakota,38,304,638168,47.6
2002,Ohio,39,7490,11407889,65.7
2002,Oklahoma,40,2397,3489080,68.7
2002,Oregon,41,2057,3513424,58.5
2002,Pennsylvania,42,8096,12331031,65.7
2002,Rhode Island,44,695,1065995,65.2
2002,South Carolina,45,2483,4107795,60.4
2002,South Dakota,46,399,760020,52.5
2002,Tennessee,47,4080,5795918,70.4
2002,Texas,48,9797,21690325,45.2
2002,Utah,49,400,2324815,17.2
2002,Vermont,50,318,615442,51.7
2002,Virginia,51,3920,7286873,53.8
2002,Washington,53,3084,6052349,51.0
2002,West Virginia,54,1522,1805414,84.3
2002,Wisconsin,55,2803,5445162,51.5
2002,Wyoming,56,242,500017,48.4
2003,Alabama,1,3107,4503491,69.0
2003,Alaska,2,214,648414,33.0
2003,Arizona,4,2719,5510364,49.3
2003,Arkansas,5,2018,2724816,74.1
2003,California,6,13640,35253159,38.7
2003,Colorado,8,1545,4528732,34.1
2003,Connecticut,9,1889,3484336,54.2
2003,Delaware,10,539,818003,65.9
2003,District of Columbia,11,284,568502,50.0
2003,Florida,12,11915,17004085,70.1
2003,Georgia,13,4261,8622793,49.4
2003,Hawaii,15,508,1251154,40.6
2003,Idaho,16,590,1363380,43.3
2003,Illinois,17,6854,12556006,54.6
2003,Indiana,18,4074,6196638,65.7
2003,Iowa,19,1765,2941999,60.0
2003,Kansas,20,1515,2723004,55.6
2003,Kentucky,21,3330,4117170,80.9
2003,Louisiana,22,2856,4521042,63.2
2003,Maine,23,951,1306513,72.8
2003,Maryland,24,3015,5496269,54.9
2003,Massachusetts,25,3760,6422565,58.5
2003,Michigan,26,5711,10041152,56.9
2003,Minnesota,27,2283,5053572,45.2
2003,Mississippi,28,1897,2868312,66.1
2003,Missouri,29,3787,5709403,66.3
2003,Montana,30,535,919630,58.2
2003,Nebraska,31,877,1738643,50.4
2003,Nevada,32,1324,2248850,58.9
2003,New Hampshire,33,679,1279840,53.1
2003,New Jersey,34,4648,8601402,54.0
2003,New Mexico,35,725,1877574,38.6
2003,New York,36,9453,19175939,49.3
2003,North Carolina,37,4848,8422501,57.6
2003,North Dakota,38,316,638817,49.5
2003,Ohio,39,7411,11434788,64.8
2003,Oklahoma,40,2312,3504892,66.0
2003,Oregon,41,2062,3547376,58.1
2003,Pennsylvania,42,7949,12374658,64.2
2003,Rhode Island,44,644,1071342,60.1
2003,South Carolina,45,2625,4150297,63.2
2003,South Dakota,46,405,763729,53.0
2003,Tennessee,47,4045,5847812,69.2
2003,Texas,48,9725,22030931,44.1
2003,Utah,49,412,2360137,17.5
2003,Vermont,50,320,617858,51.8
2003,Virginia,51,4024,7366977,54.6
2003,Washington,53,3188,6104115,52.2
2003,West Virginia,54,1468,1812295,81.0
2003,Wisconsin,55,2725,5479203,49.7
2003,Wyoming,56,245,503453,48.7
2004,Alabama,1,3051,4530729,67.3
2004,Alaska,2,229,659286,34.7
2004,Arizona,4,2687,5652404,47.5
2004,Arkansas,5,2100,2749686,76.4
2004,California,6,13399,35574576,37.7
2004,Colorado,8,1501,4575013,32.8
2004,Connecticut,9,1927,3496094,55.1
2004,Delaware,10,583,830803,70.2
2004,District of Columbia,11,283,567754,49.8
2004,Florida,12,12065,17415318,69.3
2004,Georgia,13,4313,8769252,49.2
2004,Hawaii,15,523,1273569,41.1
2004,Idaho,16,535,1391802,38.4
2004,Illinois,17,6804,12589773,54.0
2004,Indiana,18,3825,6233007,61.4
2004,Iowa,19,1823,2953635,61.7
2004,Kansas,20,1544,2734373,56.5
2004,Kentucky,21,3314,4146101,79.9
2004,Louisiana,22,2916,4552238,64.1
2004,Maine,23,951,1313688,72.4
2004,Maryland,24,2845,5546935,51.3
2004,Massachusetts,25,3612,6412281,56.3
2004,Michigan,26,5824,10055315,57.9
2004,Minnesota,27,2355,5087713,46.3
2004,Mississippi,28,1969,2889010,68.2
2004,Missouri,29,4034,5747741,70.2
2004,Montana,30,503,930009,54.1
2004,Nebraska,31,877,1749370,50.1
2004,Nevada,32,1239,2346222,52.8
2004,New Hampshire,33,731,1290121,56.7
2004,New Jersey,34,4487,8634561,52.0
2004,New Mexico,35,677,1903808,35.6
2004,New York,36,9384,19171567,48.9
2004,North Carolina,37,5033,8553152,58.8
2004,North Dakota,38,358,644705,55.5
2004,Ohio,39,7427,11452251,64.9
2004,Oklahoma,40,2359,3525233,66.9
2004,Oregon,41,2067,3569463,57.9
2004,Pennsylvania,42,7973,12410722,64.2
2004,Rhode Island,44,669,1074579,62.3
2004,South Carolina,45,2503,4210921,59.4
2004,South Dakota,46,424,770396,55.0
2004,Tennessee,47,4170,5910809,70.5
2004,Texas,48,9697,22394023,43.3
2004,Utah,49,454,2401580,18.9
2004,Vermont,50,327,619920,52.7
2004,Virginia,51,3993,7475575,53.4
2004,Washington,53,3066,6178645,49.6
2004,West Virginia,54,1469,1816438,80.9
2004,Wisconsin,55,2905,5514026,52.7
2004,Wyoming,56,205,509106,40.3
2005,Alabama,1,3146,4569805,68.8
2005,Alaska,2,216,666946,32.4
2005,Arizona,4,2648,5839077,45.3
2005,Arkansas,5,2176,2781097,78.2
2005,California,6,13347,35827943,37.3
2005,Colorado,8,1528,4631888,33.0
2005,Connecticut,9,1830,3506956,52.2
2005,Delaware,10,568,845150,67.2
2005,District of Columbia,11,289,567136,51.0
2005,Florida,12,12104,17842038,67.8
2005,Georgia,13,4366,8925922,48.9
2005,Hawaii,15,572,1292729,44.2
2005,Idaho,16,612,1428241,42.8
2005,Illinois,17,6613,12609903,52.4
2005,Indiana,18,4021,6278616,64.0
2005,Iowa,19,1853,2964454,62.5
2005,Kansas,20,1642,2745299,59.8
2005,Kentucky,21,3390,4182742,81.0
2005,Louisiana,22,2847,4576628,62.2
2005,Maine,23,946,1318787,71.7
2005,Maryland,24,2989,5592379,53.4
2005,Massachusetts,25,3638,6403290,56.8
2005,Michigan,26,5795,10051137,57.7
2005,Minnesota,27,2282,5119598,44.6
2005,Mississippi,28,1887,2905943,64.9
2005,Missouri,29,3887,5790300,67.1
2005,Montana,30,550,940102,58.5
2005,Nebraska,31,905,1761497,51.4
2005,Nevada,32,1290,2432143,53.0
2005,New Hampshire,33,733,1298492,56.5
2005,New Jersey,34,4452,8651974,51.5
2005,New Mexico,35,705,1932274,36.5
2005,New York,36,9308,19132610,48.6
2005,North Carolina,37,5258,8705407,60.4
2005,North Dakota,38,310,646089,48.0
2005,Ohio,39,7388,11463320,64.4
2005,Oklahoma,40,2375,3548597,66.9
2005,Oregon,41,2105,3613202,58.3
2005,Pennsylvania,42,8155,12449990,65.5
2005,Rhode Island,44,610,1067916,57.1
2005,South Carolina,45,2712,4270150,63.5
2005,South Dakota,46,469,775493,60.5
2005,Tennessee,47,4370,5991057,72.9
2005,Texas,48,9684,22778123,42.5
2005,Utah,49,433,2457719,17.6
2005,Vermont,50,336,621215,54.1
2005,Virginia,51,4151,7577105,54.8
2005,Washington,53,3127,6257305,50.0
2005,West Virginia,54,1494,1820492,82.1
2005,Wisconsin,55,2857,5546166,51.5
2005,Wyoming,56,251,514157,48.8
2006,Alabama,1,3021,4628981,65.3
2006,Alaska,2,206,675302,30.5
2006,Arizona,4,2741,6029141,45.5
2006,Arkansas,5,2066,2821761,73.2
2006,California,6,13199,36021202,36.6
2006,Colorado,8,1558,4720423,33.0
2006,Connecticut,9,1834,3517460,52.1
2006,Delaware,10,557,859268,64.8
2006,District of Columbia,11,271,570681,47.5
2006,Florida,12,12018,18166990,66.2
2006,Georgia,13,4456,9155813,48.7
2006,Hawaii,15,565,1309731,43.1
2006,Idaho,16,589,1468669,40.1
2006,Illinois,17,6671,12643955,52.8
2006,Indiana,18,4000,6332669,63.2
2006,Iowa,19,1714,2982644,57.5
2006,Kansas,20,1584,2762931,57.3
2006,Kentucky,21,3325,4219239,78.8
2006,Louisiana,22,2654,4302665,61.7
2006,Maine,23,971,1323619,73.4
2006,Maryland,24,2902,5627367,51.6
2006,Massachusetts,25,3722,6410084,58.1
2006,Michigan,26,5817,10036081,58.0
2006,Minnesota,27,2353,5163555,45.6
2006,Mississippi,28,2004,2904978,69.0
2006,Missouri,29,3933,5842704,67.3
2006,Montana,30,521,952692,54.7
2006,Nebraska,31,904,1772693,51.0
2006,Nevada,32,1307,2522658,51.8
2006,New Hampshire,33,709,1308389,54.2
2006,New Jersey,34,4403,8661679,50.8
2006,New Mexico,35,694,1962137,35.4
2006,New York,36,9176,19104631,48.0
2006,North Carolina,37,5373,8917270,60.3
2006,North Dakota,38,353,649422,54.4
2006,Ohio,39,7455,11481213,64.9
2006,Oklahoma,40,2440,3594090,67.9
2006,Oregon,41,2117,3670883,57.7
2006,Pennsylvania,42,7960,12510809,63.6
2006,Rhode Island,44,601,1063096,56.5
2006,South Carolina,45,2712,4357847,62.2
2006,South Dakota,46,437,783033,55.8
2006,Tennessee,47,4370,6088766,71.8
2006,Texas,48,9724,23359580,41.6
2006,Utah,49,445,2525507,17.6
2006,Vermont,50,348,622892,55.9
2006,Virginia,51,4064,7673725,53.0
2006,Washington,53,3083,6370753,48.4
2006,West Virginia,54,1587,1827912,86.8
2006,Wisconsin,55,2852,5577655,51.1
2006,Wyoming,56,234,522667,44.8
2007,Alabama,1,3157,4672840,67.6
2007,Alaska,2,253,680300,37.2
2007,Arizona,4,2616,6167681,42.4
2007,Arkansas,5,2033,2848650,71.4
2007,California,6,13165,36250311,36.3
2007,Colorado,8,1586,4803868,33.0
2007,Connecticut,9,1800,3527270,51.0
2007,Delaware,10,550,871749,63.1
2007,District of Columbia,11,270,574404,47.0
2007,Florida,12,11720,18367842,63.8
2007,Georgia,13,4470,9349988,47.8
2007,Hawaii,15,545,1315675,41.4
2007,Idaho,16,600,1505105,39.9
2007,Illinois,17,6903,12695866,54.4
2007,Indiana,18,4017,6379599,63.0
2007,Iowa,19,1834,2999212,61.1
2007,Kansas,20,1510,2783785,54.2
2007,Kentucky,21,3401,4256672,79.9
2007,Louisiana,22,2628,4375581,60.1
2007,Maine,23,913,1327040,68.8
2007,Maryland,24,2812,5653408,49.7
2007,Massachusetts,25,3609,6431559,56.1
2007,Michigan,26,5914,10001284,59.1
2007,Minnesota,27,2418,5207203,46.4
2007,Mississippi,28,1924,2928350,65.7
2007,Missouri,29,3864,5887612,65.6
2007,Montana,30,567,964706,58.8
2007,Nebraska,31,938,1783440,52.6
2007,Nevada,32,1292,2601072,49.7
2007,New Hampshire,33,747,1312540,56.9
2007,New Jersey,34,4422,8677885,51.0
2007,New Mexico,35,773,1990070,38.8
2007,New York,36,9349,19132335,48.9
2007,North Carolina,37,5349,9118037,58.7
2007,North Dakota,38,302,652822,46.3
2007,Ohio,39,7465,11500468,64.9
2007,Oklahoma,40,2489,3634349,68.5
2007,Oregon,41,2033,3722417,54.6
2007,Pennsylvania,42,7944,12563937,63.2
2007,Rhode Island,44,665,1057315,62.9
2007,South Carolina,45,2698,4444110,60.7
2007,South Dakota,46,424,791623,53.6
2007,Tennessee,47,4343,6175727,70.3
2007,Texas,48,9624,23831983,40.4
2007,Utah,49,437,2597746,16.8
2007,Vermont,50,404,623481,64.8
2007,Virginia,51,4061,7751000,52.4
2007,Washington,53,3179,6461587,49.2
2007,West Virginia,54,1505,1834052,82.1
2007,Wisconsin,55,2915,5610775,52.0
2007,Wyoming,56,249,534876,46.6
2008,Alabama,1,3079,4718206,65.3
2008,Alaska,2,258,687455,37.5
2008,Arizona,4,2669,6280362,42.5
2008,Arkansas,5,2218,2874554,77.2
2008,California,6,13067,36604337,35.7
2008,Colorado,8,1600,4889730,32.7
2008,Connecticut,9,1744,3545579,49.2
2008,Delaware,10,571,883874,64.6
2008,District of Columbia,11,294,580236,50.7
2008,Florida,12,11963,18527305,64.6
2008,Georgia,13,4325,9504843,45.5
2008,Hawaii,15,555,1332213,41.7
2008,Idaho,16,631,1534320,41.1
2008,Illinois,17,6809,12747038,53.4
2008,Indiana,18,4170,6424806,64.9
2008,Iowa,19,1791,3016734,59.4
2008,Kansas,20,1556,2808076,55.4
2008,Kentucky,21,3478,4289878,81.1
2008,Louisiana,22,2707,4435586,61.0
2008,Maine,23,931,1330509,70.0
2008,Maryland,24,2872,5684965,50.5
2008,Massachusetts,25,3552,6468967,54.9
2008,Michigan,26,5898,9946889,59.3
2008,Minnesota,27,2432,5247018,46.4
2008,Mississippi,28,1995,2947806,67.7
2008,Missouri,29,3943,5923916,66.6
2008,Montana,30,541,976415,55.4
2008,Nebraska,31,884,1796378,49.2
2008,Nevada,32,1327,2653630,50.0
2008,New Hampshire,33,684,1315906,52.0
2008,New Jersey,34,4273,8711090,49.1
2008,New Mexico,35,767,2010662,38.1
2008,New York,36,9230,19212436,48.0
2008,North Carolina,37,5369,9309449,57.7
2008,North Dakota,38,338,657569,51.4
2008,Ohio,39,7345,11515391,63.8
2008,Oklahoma,40,2386,3668976,65.0
2008,Oregon,41,2079,3768748,55.2
2008,Pennsylvania,42,7950,12612285,63.0
2008,Rhode Island,44,692,1055003,65.6
2008,South Carolina,45,2759,4528996,60.9
2008,South Dakota,46,444,799124,55.6
2008,Tennessee,47,4296,6247411,68.8
2008,Texas,48,9647,24309039,39.7
2008,Utah,49,371,2663029,13.9
2008,Vermont,50,380,624151,60.9
2008,Virginia,51,3969,7833496,50.7
2008,Washington,53,3150,6562231,48.0
2008,West Virginia,54,1468,1840310,79.8
2008,Wisconsin,55,2912,5640996,51.6
2008,Wyoming,56,223,546043,40.8
2009,Alabama,1,3287,4757938,69.1
2009,Alaska,2,266,698895,38.1
2009,Arizona,4,2725,6343154,43.0
2009,Arkansas,5,2151,2896843,74.3
2009,California,6,13119,36961229,35.5
2009,Colorado,8,1639,4972195,33.0
2009,Connecticut,9,1772,3561807,49.8
2009,Delaware,10,531,891730,59.5
2009,District of Columbia,11,236,592228,39.8
2009,Florida,12,11903,18652644,63.8
2009,Georgia,13,4509,9620846,46.9
2009,Hawaii,15,544,1346717,40.4
2009,Idaho,16,641,1554439,41.2
2009,Illinois,17,6646,12796778,51.9
2009,Indiana,18,4067,6459325,63.0
2009,Iowa,19,1758,3032870,58.0
2009,Kansas,20,1571,2832704,55.5
2009,Kentucky,21,3292,4317074,76.3
2009,Louisiana,22,2704,4491648,60.2
2009,Maine,23,912,1329590,68.6
2009,Maryland,24,2843,5730388,49.6
2009,Massachusetts,25,3574,6517613,54.8
2009,Michigan,26,6006,9901591,60.7
2009,Minnesota,27,2400,5281203,45.4
2009,Mississippi,28,1932,2958774,65.3
2009,Missouri,29,3845,5961088,64.5
2009,Montana,30,477,983982,48.5
2009,Nebraska,31,883,1812683,48.7
2009,Nevada,32,1329,2684665,49.5
2009,New Hampshire,33,747,1316102,56.8
2009,New Jersey,34,4161,8755602,47.5
2009,New Mexico,35,700,2036802,34.4
2009,New York,36,9005,19307066,46.6
2009,North Carolina,37,5395,9449566,57.1
2009,North Dakota,38,309,664968,46.5
2009,Ohio,39,7498,11528896,65.0
2009,Oklahoma,40,2444,3717572,65.7
2009,Oregon,41,2069,3808600,54.3
2009,Pennsylvania,42,7760,12666858,61.3
2009,Rhode Island,44,611,1053646,58.0
2009,South Carolina,45,2778,4589872,60.5
2009,South Dakota,46,386,807067,47.8
2009,Tennessee,47,4390,6306019,69.6
2009,Texas,48,9575,24801761,38.6
2009,Utah,49,424,2723421,15.6
2009,Vermont,50,374,624817,59.9
2009,Virginia,51,4002,7925937,50.5
2009,Washington,53,3212,6667426,48.2
2009,West Virginia,54,1560,1847775,84.4
2009,Wisconsin,55,2884,5669264,50.9
2009,Wyoming,56,240,559851,42.9
2010,Alabama,1,3236,4779736,67.7
2010,Alaska,2,241,710231,33.9
2010,Arizona,4,2722,6392017,42.6
2010,Arkansas,5,2127,2915918,72.9
2010,California,6,12960,37253956,34.8
2010,Colorado,8,1635,5029196,32.5
2010,Connecticut,9,1855,3574097,51.9
2010,Delaware,10,603,897934,67.2
2010,District of Columbia,11,226,601723,37.6
2010,Florida,12,12009,18801310,63.9
2010,Georgia,13,4418,9687653,45.6
2010,Hawaii,15,548,1360301,40.3
2010,Idaho,16,612,1567582,39.0
2010,Illinois,17,6671,12830632,52.0
2010,Indiana,18,4096,6483802,63.2
2010,Iowa,19,1741,3046355,57.2
2010,Kansas,20,1502,2853118,52.6
2010,Kentucky,21,3570,4339367,82.3
2010,Louisiana,22,2724,4533372,60.1
2010,Maine,23,957,1328361,72.0
2010,Maryland,24,2745,5773552,47.5
2010,Massachusetts,25,3552,6547629,54.2
2010,Michigan,26,5913,9883640,59.8
2010,Minnesota,27,2370,5303925,44.7
2010,Mississippi,28,1958,2967297,66.0
2010,Missouri,29,3909,5988927,65.3
2010,Montana,30,478,989415,48.3
2010,Nebraska,31,929,1826341,50.9
2010,Nevada,32,1251,2700551,46.3
2010,New Hampshire,33,695,1316470,52.8
2010,New Jersey,34,4171,8791894,47.4
2010,New Mexico,35,756,2059179,36.7
2010,New York,36,9112,19378102,47.0
2010,North Carolina,37,5514,9535483,57.8
2010,North Dakota,38,298,672591,44.3
2010,Ohio,39,7345,11536504,63.7
2010,Oklahoma,40,2402,3751351,64.0
2010,Oregon,41,2066,3831074,53.9
2010,Pennsylvania,42,7793,12702379,61.4
2010,Rhode Island,44,614,1052567,58.3
2010,South Carolina,45,2723,4625364,58.9
2010,South Dakota,46,433,814180,53.2
2010,Tennessee,47,4415,6346105,69.6
2010,Texas,48,9519,25145561,37.9
2010,Utah,49,459,2763885,16.6
2010,Vermont,50,405,625741,64.7
2010,Virginia,51,3975,8001024,49.7
2010,Washington,53,3236,6724540,48.1
2010,West Virginia,54,1555,1852994,83.9
2010,Wisconsin,55,2971,5686986,52.2
2010,Wyoming,56,234,563626,41.5
2011,Alabama,1,3164,4802740,65.9
2011,Alaska,2,265,722718,36.7
2011,Arizona,4,2665,6482505,41.1
2011,Arkansas,5,2112,2937979,71.9
2011,California,6,12742,37691912,33.8
2011,Colorado,8,1590,5116796,31.1
2011,Connecticut,9,1734,3580709,48.4
2011,Delaware,10,559,907135,61.6
2011,District of Columbia,11,236,617996,38.2
2011,Florida,12,11818,19057542,62.0
2011,Georgia,13,4472,9815210,45.6
2011,Hawaii,15,543,1374810,39.5
2011,Idaho,16,619,1584985,39.1
2011,Illinois,17,6617,12869257,51.4
2011,Indiana,18,3883,6516922,59.6
2011,Iowa,19,1730,3062309,56.5
2011,Kansas,20,1508,2871238,52.5
2011,Kentucky,21,3389,4369356,77.6
2011,Louisiana,22,2707,4574836,59.2
2011,Maine,23,920,1328188,69.3
2011,Maryland,24,2690,5828289,46.2
2011,Massachusetts,25,3414,6587536,51.8
2011,Michigan,26,5868,9876187,59.4
2011,Minnesota,27,2320,5344861,43.4
2011,Mississippi,28,1928,2978512,64.7
2011,Missouri,29,3833,6010688,63.8
2011,Montana,30,584,998199,58.5
2011,Nebraska,31,866,1842641,47.0
2011,Nevada,32,1322,2723322,48.5
2011,New Hampshire,33,798,1318194,60.5
2011,New Jersey,34,4119,8821155,46.7
2011,New Mexico,35,703,2082224,33.8
2011,New York,36,9059,19465197,46.5
2011,North Carolina,37,5535,9656401,57.3
2011,North Dakota,38,331,683932,48.4
2011,Ohio,39,7402,11544951,64.1
2011,Oklahoma,40,2501,3791508,66.0
2011,Oregon,41,2063,3871859,53.3
2011,Pennsylvania,42,7690,12742886,60.3
2011,Rhode Island,44,599,1051302,57.0
2011,South Carolina,45,2783,4679230,59.5
2011,South Dakota,46,457,824082,55.5
2011,Tennessee,47,4321,6403353,67.5
2011,Texas,48,9705,25674681,37.8
2011,Utah,49,440,2817222,15.6
2011,Vermont,50,376,626431,60.0
2011,Virginia,51,4001,8096604,49.4
2011,Washington,53,3130,6830038,45.8
2011,West Virginia,54,1502,1855364,81.0
2011,Wisconsin,55,3118,5711767,54.6
2011,Wyoming,56,226,568158,39.8
2012,Alabama,1,3066,4822023,63.6
2012,Alaska,2,260,731449,35.5
2012,Arizona,4,2803,6553255,42.8
2012,Arkansas,5,2130,2949131,72.2
2012,California,6,12501,38041430,32.9
2012,Colorado,8,1590,5187582,30.7
2012,Connecticut,9,1651,3590347,46.0
2012,Delaware,10,580,917092,63.2
2012,District of Columbia,11,241,632323,38.1
2012,Florida,12,11981,19317568,62.0
2012,Georgia,13,4640,9919945,46.8
2012,Hawaii,15,495,1392313,35.6
2012,Idaho,16,620,1595728,38.9
2012,Illinois,17,6678,12875255,51.9
2012,Indiana,18,3975,6537334,60.8
2012,Iowa,19,1749,3074186,56.9
2012,Kansas,20,1502,2885905,52.0
2012,Kentucky,21,3479,4380415,79.4
2012,Louisiana,22,2740,4601893,59.5
2012,Maine,23,958,1329192,72.1
2012,Maryland,24,2744,5884563,46.6
2012,Massachusetts,25,3458,6646144,52.0
2012,Michigan,26,5847,9883360,59.2
2012,Minnesota,27,2333,5379139,43.4
2012,Mississippi,28,1908,2984926,63.9
2012,Missouri,29,3992,6021988,66.3
2012,Montana,30,495,1005141,49.2
2012,Nebraska,31,905,1855525,48.8
2012,Nevada,32,1313,2758931,47.6
2012,New Hampshire,33,750,1320718,56.8
2012,New Jersey,34,4041,8864590,45.6
2012,New Mexico,35,765,2085538,36.7
2012,New York,36,9206,19570261,47.0
2012,North Carolina,37,5458,9752073,56.0
2012,North Dakota,38,348,699628,49.7
2012,Ohio,39,7525,11544225,65.2
2012,Oklahoma,40,2380,3814820,62.4
2012,Oregon,41,2104,3899353,54.0
2012,Pennsylvania,42,7712,12763536,60.4
2012,Rhode Island,44,628,1050292,59.8
2012,South Carolina,45,2865,4723723,60.7
2012,South Dakota,46,435,833354,52.2
2012,Tennessee,47,4359,6456243,67.5
2012,Texas,48,9665,26059203,37.1
2012,Utah,49,453,2855287,15.9
2012,Vermont,50,345,626011,55.1
2012,Virginia,51,3998,8185867,48.8
2012,Washington,53,3112,6897012,45.1
2012,West Virginia,54,1483,1855413,79.9
2012,Wisconsin,55,2930,5726398,51.2
2012,Wyoming,56,230,576412,39.9
2013,Alabama,1,3164,4833722,65.5
2013,Alaska,2,273,735132,37.1
2013,Arizona,4,2783,6626624,42.0
2013,Arkansas,5,2168,2959373,73.3
2013,California,6,12464,38332521,32.5
2013,Colorado,8,1561,5268367,29.6
2013,Connecticut,9,1667,3596080,46.4
2013,Delaware,10,552,925749,59.6
2013,District of Columbia,11,259,646449,40.1
2013,Florida,12,11915,19552860,60.9
2013,Georgia,13,4594,9992167,46.0
2013,Hawaii,15,556,1404054,39.6
2013,Idaho,16,628,1612136,39.0
2013,Illinois,17,6532,12882135,50.7
2013,Indiana,18,4025,6570902,61.3
2013,Iowa,19,1802,3090416,58.3
2013,Kansas,20,1446,2893957,50.0
2013,Kentucky,21,3559,4395295,81.0
2013,Louisiana,22,2716,4625470,58.7
2013,Maine,23,1025,1328302,77.2
2013,Maryland,24,2673,5928814,45.1
2013,Massachusetts,25,3332,6692824,49.8
2013,Michigan,26,5758,9895622,58.2
2013,Minnesota,27,2391,5420380,44.1
2013,Mississippi,28,1975,2991207,66.0
2013,Missouri,29,4000,6044171,66.2
2013,Montana,30,490,1015165,48.3
2013,Nebraska,31,913,1868516,48.9
2013,Nevada,32,1335,2790136,47.8
2013,New Hampshire,33,691,1323459,52.2
2013,New Jersey,34,4006,8899339,45.0
2013,New Mexico,35,736,2085287,35.3
2013,New York,36,9075,19651127,46.2
2013,North Carolina,37,5510,9848060,56.0
2013,North Dakota,38,344,723393,47.6
2013,Ohio,39,7258,11570808,62.7
2013,Oklahoma,40,2490,3850568,64.7
2013,Oregon,41,2008,3930065,51.1
2013,Pennsylvania,42,7536,12773801,59.0
2013,Rhode Island,44,665,1051511,63.2
2013,South Carolina,45,2833,4774839,59.3
2013,South Dakota,46,415,844877,49.1
2013,Tennessee,47,4315,6495978,66.4
2013,Texas,48,9439,26448193,35.7
2013,Utah,49,437,2900872,15.1
2013,Vermont,50,351,626630,56.0
2013,Virginia,51,3894,8260405,47.1
2013,Washington,53,3020,6971406,43.3
2013,West Virginia,54,1437,1854304,77.5
2013,Wisconsin,55,2932,5742713,51.1
2013,Wyoming,56,230,582658,39.5
2014,Alabama,1,3117,4849377,64.3
2014,Alaska,2,237,736732,32.2
2014,Arizona,4,2707,6731484,40.2
2014,Arkansas,5,2054,2966369,69.2
2014,California,6,12284,38802500,31.7
2014,Colorado,8,1581,5355866,29.5
2014,Connecticut,9,1654,3596677,46.0
2014,Delaware,10,549,935614,58.7
2014,District of Columbia,11,244,658893,37.0
2014,Florida,12,11756,19893297,59.1
2014,Georgia,13,4616,10097343,45.7
2014,Hawaii,15,565,1419561,39.8
2014,Idaho,16,659,1634464,40.3
2014,Illinois,17,6650,12880580,51.6
2014,Indiana,18,4048,6596855,61.4
2014,Iowa,19,1675,3107126,53.9
2014,Kansas,20,1578,2904021,54.3
2014,Kentucky,21,3530,4413457,80.0
2014,Louisiana,22,2686,4649676,57.8
2014,Maine,23,917,1330089,68.9
2014,Maryland,24,2750,5976407,46.0
2014,Massachusetts,25,3302,6745408,49.0
2014,Michigan,26,5942,9909877,60.0
2014,Minnesota,27,2481,5457173,45.5
2014,Mississippi,28,1944,2994079,64.9
2014,Missouri,29,3984,6063589,65.7
2014,Montana,30,559,1023579,54.6
2014,Nebraska,31,886,1881503,47.1
2014,Nevada,32,1408,2839099,49.6
2014,New Hampshire,33,744,1326813,56.1
2014,New Jersey,34,3956,8938175,44.3
2014,New Mexico,35,736,2085572,35.3
2014,New York,36,8564,19746227,43.4
2014,North Carolina,37,5606,9943964,56.4
2014,North Dakota,38,326,739482,44.1
2014,Ohio,39,7156,11594163,61.7
2014,Oklahoma,40,2373,3878051,61.2
2014,Oregon,41,1980,3970239,49.9
2014,Pennsylvania,42,7426,12787209,58.1
2014,Rhode Island,44,631,1055173,59.8
2014,South Carolina,45,2773,4832482,57.4
2014,South Dakota,46,446,853175,52.3
2014,Tennessee,47,4435,6549352,67.7
2014,Texas,48,9558,26956958,35.5
2014,Utah,49,453,2942902,15.4
2014,Vermont,50,397,626562,63.4
2014,Virginia,51,3900,8326289,46.8
2014,Washington,53,3036,7061530,43.0
2014,West Virginia,54,1496,1850326,80.9
2014,Wisconsin,55,2959,5757564,51.4
2014,Wyoming,56,215,584153,36.8
2015,Alabama,1,2980,4858979,61.3
2015,Alaska,2,259,738432,35.1
2015,Arizona,4,2932,6828065,42.9
2015,Arkansas,5,2124,2978204,71.3
2015,California,6,12381,39144818,31.6
2015,Colorado,8,1546,5456574,28.3
2015,Connecticut,9,1568,3590886,43.7
2015,Delaware,10,561,945934,59.3
2015,District of Columbia,11,204,672228,30.3
2015,Florida,12,11931,20271272,58.9
2015,Georgia,13,4448,10214860,43.5
2015,Hawaii,15,589,1431603,41.1
2015,Idaho,16,649,1654930,39.2
2015,Illinois,17,6406,12859995,49.8
2015,Indiana,18,3863,6619680,58.4
2015,Iowa,19,1790,3123899,57.3
2015,Kansas,20,1512,2911641,51.9
2015,Kentucky,21,3461,4425092,78.2
2015,Louisiana,22,2654,4670724,56.8
2015,Maine,23,978,1329328,73.6
2015,Maryland,24,2579,6006401,42.9
2015,Massachusetts,25,3238,6794422,47.7
2015,Michigan,26,5723,9922576,57.7
2015,Minnesota,27,2398,5489594,43.7
2015,Mississippi,28,1910,2992333,63.8
2015,Missouri,29,3870,6083672,63.6
2015,Montana,30,539,1032949,52.2
2015,Nebraska,31,913,1896190,48.1
2015,Nevada,32,1336,2890845,46.2
2015,New Hampshire,33,758,1330608,57.0
2015,New Jersey,34,3779,8958013,42.2
2015,New Mexico,35,744,2085109,35.7
2015,New York,36,8551,19795791,43.2
2015,North Carolina,37,5470,10042802,54.5
2015,North Dakota,38,291,756927,38.4
2015,Ohio,39,7193,11613423,61.9
2015,Oklahoma,40,2459,3911338,62.9
2015,Oregon,41,1958,4028977,48.6
2015,Pennsylvania,42,7411,12802503,57.9
2015,Rhode Island,44,640,1056298,60.6
2015,South Carolina,45,2775,4896146,56.7
2015,South Dakota,46,427,858469,49.7
2015,Tennessee,47,4355,6600299,66.0
2015,Texas,48,9156,27469114,33.3
2015,Utah,49,471,2995919,15.7
2015,Vermont,50,352,626042,56.2
2015,Virginia,51,3900,8382993,46.5
2015,Washington,53,3116,7170351,43.5
2015,West Virginia,54,1492,1844128,80.9
2015,Wisconsin,55,2869,5771337,49.7
2015,Wyoming,56,213,586107,36.3
2016,Alabama,1,3009,4863300,61.9
2016,Alaska,2,230,741894,31.0
2016,Arizona,4,2702,6931071,39.0
2016,Arkansas,5,2006,2988248,67.1
2016,California,6,11739,39250017,29.9
2016,Colorado,8,1590,5540545,28.7
2016,Connecticut,9,1572,3576452,44.0
2016,Delaware,10,556,952065,58.4
2016,District of Columbia,11,186,681170,27.3
2016,Florida,12,11217,20612439,54.4
2016,Georgia,13,4400,10310371,42.7
2016,Hawaii,15,543,1428557,38.0
2016,Idaho,16,579,1683140,34.4
2016,Illinois,17,6242,12801539,48.8
2016,Indiana,18,3861,6633053,58.2
2016,Iowa,19,1668,3134693,53.2
2016,Kansas,20,1364,2907289,46.9
2016,Kentucky,21,3328,4436974,75.0
2016,Louisiana,22,2494,4681666,53.3
2016,Maine,23,914,1331479,68.6
2016,Maryland,24,2639,6016447,43.9
2016,Massachusetts,25,3169,6811779,46.5
2016,Michigan,26,5528,9928300,55.7
2016,Minnesota,27,2329,5519952,42.2
2016,Mississippi,28,1903,2988726,63.7
2016,Missouri,29,3706,6093000,60.8
2016,Montana,30,477,1042520,45.8
2016,Nebraska,31,856,1907116,44.9
2016,Nevada,32,1267,2940058,43.1
2016,New Hampshire,33,798,1334795,59.8
2016,New Jersey,34,3703,8944469,41.4
2016,New Mexico,35,701,2081015,33.7
2016,New York,36,8136,19745289,41.2
2016,North Carolina,37,5573,10146788,54.9
2016,North Dakota,38,304,757952,40.1
2016,Ohio,39,7105,11614373,61.2
2016,Oklahoma,40,2300,3923561,58.6
2016,Oregon,41,1891,4093465,46.2
2016,Pennsylvania,42,7173,12784227,56.1
2016,Rhode Island,44,570,1056426,54.0
2016,South Carolina,45,2704,4961119,54.5
2016,South Dakota,46,420,865454,48.5
2016,Tennessee,47,4337,6651194,65.2
2016,Texas,48,9193,27862596,33.0
2016,Utah,49,468,3051217,15.3
2016,Vermont,50,366,624594,58.6
2016,Virginia,51,3759,8411808,44.7
2016,Washington,53,2911,7288000,39.9
2016,West Virginia,54,1392,1831102,76.0
2016,Wisconsin,55,2788,5778708,48.2
2016,Wyoming,56,204,585501,34.8
2017,Alabama,1,2946,4874747,60.4
2017,Alaska,2,203,739795,27.4
2017,Arizona,4,2768,7016270,39.5
2017,Arkansas,5,1954,3004279,65.0
2017,California,6,11555,39536653,29.2
2017,Colorado,8,1495,5607154,26.7
2017,Connecticut,9,1508,3588184,42.0
2017,Delaware,10,550,961939,57.2
2017,District of Columbia,11,202,693972,29.1
2017,Florida,12,11403,20984400,54.3
2017,Georgia,13,4392,10429379,42.1
2017,Hawaii,15,545,1427538,38.2
2017,Idaho,16,607,1716943,35.4
2017,Illinois,17,6009,12802023,46.9
2017,Indiana,18,3792,6666818,56.9
2017,Iowa,19,1620,3145711,51.5
2017,Kansas,20,1390,2913123,47.7
2017,Kentucky,21,3152,4454189,70.8
2017,Louisiana,22,2559,4684333,54.6
2017,Maine,23,919,1335907,68.8
2017,Maryland,24,2575,6052177,42.5
2017,Massachusetts,25,3074,6859819,44.8
2017,Michigan,26,5502,9962311,55.2
2017,Minnesota,27,2316,5576606,41.5
2017,Mississippi,28,1804,2984100,60.5
2017,Missouri,29,3690,6113532,60.4
2017,Montana,30,465,1050493,44.3
2017,Nebraska,31,815,1920076,42.4
2017,Nevada,32,1312,2998039,43.8
2017,New Hampshire,33,700,1342795,52.1
2017,New Jersey,34,3562,9005644,39.6
2017,New Mexico,35,678,2088070,32.5
2017,New York,36,7821,19849399,39.4
2017,North Carolina,37,5286,10273419,51.5
2017,North Dakota,38,310,755393,41.0
2017,Ohio,39,6796,11658609,58.3
2017,Oklahoma,40,2210,3930864,56.2
2017,Oregon,41,1865,4142776,45.0
2017,Pennsylvania,42,6910,12805537,54.0
2017,Rhode Island,44,556,1059639,52.5
2017,South Carolina,45,2700,5024369,53.7
2017,South Dakota,46,422,869666,48.5
2017,Tennessee,47,4001,6715984,59.6
2017,Texas,48,9109,28304596,32.2
2017,Utah,49,451,3101833,14.5
2017,Vermont,50,356,623657,57.1
2017,Virginia,51,3710,8470020,43.8
2017,Washington,53,2928,7405743,39.5
2017,West Virginia,54,1338,1815857,73.7
2017,Wisconsin,55,2802,5795483,48.3
2017,Wyoming,56,216,579315,37.3
2018,Alabama,1,2939,4887871,60.1
2018,Alaska,2,213,737438,28.9
2018,Arizona,4,2643,7171646,36.9
2018,Arkansas,5,1871,3013825,62.1
2018,California,6,11078,39557045,28.0
2018,Colorado,8,1407,5695564,24.7
2018,Connecticut,9,1465,3572665,41.0
2018,Delaware,10,529,967171,54.7
2018,District of Columbia,11,169,702455,24.1
2018,Florida,12,11288,21299325,53.0
2018,Georgia,13,4405,10519475,41.9
2018,Hawaii,15,517,1420491,36.4
2018,Idaho,16,633,1754208,36.1
2018,Illinois,17,5735,12741080,45.0
2018,Indiana,18,3652,6691878,54.6
2018,Iowa,19,1572,3156145,49.8
2018,Kansas,20,1384,2911505,47.5
2018,Kentucky,21,3065,4468402,68.6
2018,Louisiana,22,2454,4659978,52.7
2018,Maine,23,928,1338404,69.3
2018,Maryland,24,2468,6042718,40.8
2018,Massachusetts,25,2982,6902149,43.2
2018,Michigan,26,5457,9995915,54.6
2018,Minnesota,27,2137,5611179,38.1
2018,Mississippi,28,1838,2986530,61.5
2018,Missouri,29,3559,6126452,58.1
2018,Montana,30,470,1062305,44.2
2018,Nebraska,31,791,1929268,41.0
2018,Nevada,32,1191,3034392,39.3
2018,New Hampshire,33,684,1356458,50.4
2018,New Jersey,34,3488,8908520,39.2
2018,New Mexico,35,631,2095428,30.1
2018,New York,36,7733,19542209,39.6
2018,North Carolina,37,5189,10383620,50.0
2018,North Dakota,38,292,760077,38.4
2018,Ohio,39,6666,11689442,57.0
2018,Oklahoma,40,2274,3943079,57.7
2018,Oregon,41,1810,4190713,43.2
2018,Pennsylvania,42,6778,12807060,52.9
2018,Rhode Island,44,522,1057315,49.4
2018,South Carolina,45,2658,5084127,52.3
2018,South Dakota,46,395,882235,44.8
2018,Tennessee,47,3935,6770010,58.1
2018,Texas,48,8725,28701845,30.4
2018,Utah,49,447,3161105,14.1
2018,Vermont,50,326,626299,52.1
2018,Virginia,51,3657,8517685,42.9
2018,Washington,53,2770,7535591,36.8
2018,West Virginia,54,1361,1805832,75.4
2018,Wisconsin,55,2681,5813568,46.1
2018,Wyoming,56,219,577737,37.9
